Index,Set,Instance,Model,Kernel,ControllerEnabled,Seed,CutoffSeconds,CCEHCProbability,CCEHCSmoothProbability,SolverSHA256,VerifierSHA256,ExternalSeconds,InternalSeconds,FirstFeasibleTimeSeconds,PaperTableTimeSeconds,SolverExitCode,VerifierExitCode,EarlyExit,HasVerifiedSolution,BestCost,SelectedCandidate,Log
1,"23_old_wpms_160","abstraction-refinement_wt-downcast-antlr_old.wcnf","Host-NuWLS","NuWLS",False,1,60,,,"fecf20cdf3f06b73172dace756c4441762f6999b0c43505981a0c56f3c38a67c","ea8d71b9e86f670782fff8e23ca702e680294db2a71b4727bfb505b3a01abf2c",63.760205,,14.4102,38.1171,0,0,False,True,76306,"host-final-output","001.log"
2,"23_old_wpms_160","abstraction-refinement_wt-downcast-avrora_old.wcnf","Host-NuWLS","NuWLS",False,1,60,,,"fecf20cdf3f06b73172dace756c4441762f6999b0c43505981a0c56f3c38a67c","ea8d71b9e86f670782fff8e23ca702e680294db2a71b4727bfb505b3a01abf2c",60.734421,,10.5337,15.4202,0,0,False,True,46694,"host-final-output","002.log"
3,"23_old_wpms_160","abstraction-refinement_wt-downcast-hsqldb_old.wcnf","Host-NuWLS","NuWLS",False,1,60,,,"fecf20cdf3f06b73172dace756c4441762f6999b0c43505981a0c56f3c38a67c","ea8d71b9e86f670782fff8e23ca702e680294db2a71b4727bfb505b3a01abf2c",61.565624,,20.362,25.0385,0,0,False,True,30280,"host-final-output","003.log"
4,"23_old_wpms_160","abstraction-refinement_wt-downcast-pmd_old.wcnf","Host-NuWLS","NuWLS",False,1,60,,,"fecf20cdf3f06b73172dace756c4441762f6999b0c43505981a0c56f3c38a67c","ea8d71b9e86f670782fff8e23ca702e680294db2a71b4727bfb505b3a01abf2c",65.016391,,21.7978,53.001,0,0,False,True,4286,"host-final-output","004.log"
5,"23_old_wpms_160","abstraction-refinement_wt-downcast-xalan_old.wcnf","Host-NuWLS","NuWLS",False,1,60,,,"fecf20cdf3f06b73172dace756c4441762f6999b0c43505981a0c56f3c38a67c","ea8d71b9e86f670782fff8e23ca702e680294db2a71b4727bfb505b3a01abf2c",60.788993,,11.298,23.2312,0,0,False,True,65534,"host-final-output","005.log"
6,"23_old_wpms_160","abstraction-refinement_wt-polysite-avrora_old.wcnf","Host-NuWLS","NuWLS",False,1,60,,,"fecf20cdf3f06b73172dace756c4441762f6999b0c43505981a0c56f3c38a67c","ea8d71b9e86f670782fff8e23ca702e680294db2a71b4727bfb505b3a01abf2c",60.678320,,8.84721,24.2163,0,0,False,True,51857,"host-final-output","006.log"
7,"23_old_wpms_160","abstraction-refinement_wt-polysite-bloat_old.wcnf","Host-NuWLS","NuWLS",False,1,60,,,"fecf20cdf3f06b73172dace756c4441762f6999b0c43505981a0c56f3c38a67c","ea8d71b9e86f670782fff8e23ca702e680294db2a71b4727bfb505b3a01abf2c",62.000212,,30.9301,59.4876,0,0,False,True,183,"host-final-output","007.log"
8,"23_old_wpms_160","abstraction-refinement_wt-polysite-hsqldb_old.wcnf","Host-NuWLS","NuWLS",False,1,60,,,"fecf20cdf3f06b73172dace756c4441762f6999b0c43505981a0c56f3c38a67c","ea8d71b9e86f670782fff8e23ca702e680294db2a71b4727bfb505b3a01abf2c",61.608314,,31.6856,37.6224,0,0,False,True,172545,"host-final-output","008.log"
9,"23_old_wpms_160","abstraction-refinement_wt-polysite-pmd_old.wcnf","Host-NuWLS","NuWLS",False,1,60,,,"fecf20cdf3f06b73172dace756c4441762f6999b0c43505981a0c56f3c38a67c","ea8d71b9e86f670782fff8e23ca702e680294db2a71b4727bfb505b3a01abf2c",61.220368,,16.3027,50.7665,0,0,False,True,188481,"host-final-output","009.log"
10,"23_old_wpms_160","abstraction-refinement_wt-polysite-xalan_old.wcnf","Host-NuWLS","NuWLS",False,1,60,,,"fecf20cdf3f06b73172dace756c4441762f6999b0c43505981a0c56f3c38a67c","ea8d71b9e86f670782fff8e23ca702e680294db2a71b4727bfb505b3a01abf2c",62.646044,,19.8868,53.8908,0,0,False,True,114727,"host-final-output","010.log"
11,"23_old_wpms_160","causal-discovery_wt-causal_alarm_9_1000_old.wcnf","Host-NuWLS","NuWLS",False,1,60,,,"fecf20cdf3f06b73172dace756c4441762f6999b0c43505981a0c56f3c38a67c","ea8d71b9e86f670782fff8e23ca702e680294db2a71b4727bfb505b3a01abf2c",60.065880,,4.0104,41.9039,0,0,False,True,31083142,"host-final-output","011.log"
12,"23_old_wpms_160","causal-discovery_wt-causal_carpo_8_1000_old.wcnf","Host-NuWLS","NuWLS",False,1,60,,,"fecf20cdf3f06b73172dace756c4441762f6999b0c43505981a0c56f3c38a67c","ea8d71b9e86f670782fff8e23ca702e680294db2a71b4727bfb505b3a01abf2c",60.028491,,0.308586,1.56259,0,0,False,True,2807752,"host-final-output","012.log"
13,"23_old_wpms_160","causal-discovery_wt-causal_Link_10_10000_old.wcnf","Host-NuWLS","NuWLS",False,1,60,,,"fecf20cdf3f06b73172dace756c4441762f6999b0c43505981a0c56f3c38a67c","ea8d71b9e86f670782fff8e23ca702e680294db2a71b4727bfb505b3a01abf2c",60.159043,,8.72021,53.6591,0,0,False,True,132453527,"host-final-output","013.log"
14,"23_old_wpms_160","causal-discovery_wt-causal_Link_10_1000_old.wcnf","Host-NuWLS","NuWLS",False,1,60,,,"fecf20cdf3f06b73172dace756c4441762f6999b0c43505981a0c56f3c38a67c","ea8d71b9e86f670782fff8e23ca702e680294db2a71b4727bfb505b3a01abf2c",60.128202,,37.71,45.8239,0,0,False,True,28490847,"host-final-output","014.log"
15,"23_old_wpms_160","causal-discovery_wt-causal_Link_9_100_old.wcnf","Host-NuWLS","NuWLS",False,1,60,,,"fecf20cdf3f06b73172dace756c4441762f6999b0c43505981a0c56f3c38a67c","ea8d71b9e86f670782fff8e23ca702e680294db2a71b4727bfb505b3a01abf2c",60.065461,,0.716344,20.52,0,0,False,True,2083825,"host-final-output","015.log"
16,"23_old_wpms_160","causal-discovery_wt-causal_Mushroom_7_1000_old.wcnf","Host-NuWLS","NuWLS",False,1,60,,,"fecf20cdf3f06b73172dace756c4441762f6999b0c43505981a0c56f3c38a67c","ea8d71b9e86f670782fff8e23ca702e680294db2a71b4727bfb505b3a01abf2c",60.011755,,0.259877,3.65193,0,0,False,True,263844,"host-final-output","016.log"
17,"23_old_wpms_160","causal-discovery_wt-causal_Pigs_6_1000_old.wcnf","Host-NuWLS","NuWLS",False,1,60,,,"fecf20cdf3f06b73172dace756c4441762f6999b0c43505981a0c56f3c38a67c","ea8d71b9e86f670782fff8e23ca702e680294db2a71b4727bfb505b3a01abf2c",60.025177,,0.248602,40.0805,0,0,False,True,20157909,"host-final-output","017.log"
18,"23_old_wpms_160","causal-discovery_wt-causal_Water_10_1000_old.wcnf","Host-NuWLS","NuWLS",False,1,60,,,"fecf20cdf3f06b73172dace756c4441762f6999b0c43505981a0c56f3c38a67c","ea8d71b9e86f670782fff8e23ca702e680294db2a71b4727bfb505b3a01abf2c",60.113882,,2.02882,2.02882,0,0,False,True,45193159,"host-final-output","018.log"
19,"23_old_wpms_160","correlation-clustering_wt-Rounded_CorrelationClustering_Ionosphere_BINARY_N260_D0.200_old.wcnf","Host-NuWLS","NuWLS",False,1,60,,,"fecf20cdf3f06b73172dace756c4441762f6999b0c43505981a0c56f3c38a67c","ea8d71b9e86f670782fff8e23ca702e680294db2a71b4727bfb505b3a01abf2c",60.029500,,0.287359,56.6998,0,0,False,True,6971412,"host-final-output","019.log"
20,"23_old_wpms_160","correlation-clustering_wt-Rounded_CorrelationClustering_Protein1_UNARY_N290_old.wcnf","Host-NuWLS","NuWLS",False,1,60,,,"fecf20cdf3f06b73172dace756c4441762f6999b0c43505981a0c56f3c38a67c","ea8d71b9e86f670782fff8e23ca702e680294db2a71b4727bfb505b3a01abf2c",60.312446,,4.98457,46.6621,0,0,False,True,19777685,"host-final-output","020.log"
21,"23_old_wpms_160","correlation-clustering_wt-Rounded_CorrelationClustering_Protein2_BINARY_N220_old.wcnf","Host-NuWLS","NuWLS",False,1,60,,,"fecf20cdf3f06b73172dace756c4441762f6999b0c43505981a0c56f3c38a67c","ea8d71b9e86f670782fff8e23ca702e680294db2a71b4727bfb505b3a01abf2c",60.014100,,0.106437,53.0195,0,0,False,True,13795036,"host-final-output","021.log"
22,"23_old_wpms_160","correlation-clustering_wt-Rounded_CorrelationClustering_Protein2_BINARY_N240_old.wcnf","Host-NuWLS","NuWLS",False,1,60,,,"fecf20cdf3f06b73172dace756c4441762f6999b0c43505981a0c56f3c38a67c","ea8d71b9e86f670782fff8e23ca702e680294db2a71b4727bfb505b3a01abf2c",60.014227,,0.29613,8.794,0,0,False,True,16116883,"host-final-output","022.log"
23,"23_old_wpms_160","correlation-clustering_wt-Rounded_CorrelationClustering_Protein2_BINARY_N380_old.wcnf","Host-NuWLS","NuWLS",False,1,60,,,"fecf20cdf3f06b73172dace756c4441762f6999b0c43505981a0c56f3c38a67c","ea8d71b9e86f670782fff8e23ca702e680294db2a71b4727bfb505b3a01abf2c",60.028919,,0.307729,14.9825,0,0,False,True,38375977,"host-final-output","023.log"
24,"23_old_wpms_160","correlation-clustering_wt-Rounded_CorrelationClustering_Protein2_UNARY_N220_old.wcnf","Host-NuWLS","NuWLS",False,1,60,,,"fecf20cdf3f06b73172dace756c4441762f6999b0c43505981a0c56f3c38a67c","ea8d71b9e86f670782fff8e23ca702e680294db2a71b4727bfb505b3a01abf2c",60.174754,,2.52822,31.9772,0,0,False,True,15466586,"host-final-output","024.log"
25,"23_old_wpms_160","correlation-clustering_wt-Rounded_CorrelationClustering_Protein3_TRANSITIVE_N280_old.wcnf","Host-NuWLS","NuWLS",False,1,60,,,"fecf20cdf3f06b73172dace756c4441762f6999b0c43505981a0c56f3c38a67c","ea8d71b9e86f670782fff8e23ca702e680294db2a71b4727bfb505b3a01abf2c",60.398456,,6.72857,55.6132,0,0,False,True,19709283,"host-final-output","025.log"
26,"23_old_wpms_160","correlation-clustering_wt-Rounded_CorrelationClustering_Protein3_UNARY_N220_old.wcnf","Host-NuWLS","NuWLS",False,1,60,,,"fecf20cdf3f06b73172dace756c4441762f6999b0c43505981a0c56f3c38a67c","ea8d71b9e86f670782fff8e23ca702e680294db2a71b4727bfb505b3a01abf2c",60.492020,,1.81921,59.2789,0,0,False,True,15425224,"host-final-output","026.log"
27,"23_old_wpms_160","correlation-clustering_wt-Rounded_CorrelationClustering_Protein4_BINARY_N320_old.wcnf","Host-NuWLS","NuWLS",False,1,60,,,"fecf20cdf3f06b73172dace756c4441762f6999b0c43505981a0c56f3c38a67c","ea8d71b9e86f670782fff8e23ca702e680294db2a71b4727bfb505b3a01abf2c",60.015156,,0.130398,7.91137,0,0,False,True,14733167,"host-final-output","027.log"
28,"23_old_wpms_160","correlation-clustering_wt-Rounded_CorrelationClustering_Protein4_UNARY_N250_old.wcnf","Host-NuWLS","NuWLS",False,1,60,,,"fecf20cdf3f06b73172dace756c4441762f6999b0c43505981a0c56f3c38a67c","ea8d71b9e86f670782fff8e23ca702e680294db2a71b4727bfb505b3a01abf2c",60.273291,,1.58406,37.8684,0,0,False,True,9446804,"host-final-output","028.log"
29,"23_old_wpms_160","correlation-clustering_wt-Rounded_CorrelationClustering_Vowel_BINARY_N700_D0.200_old.wcnf","Host-NuWLS","NuWLS",False,1,60,,,"fecf20cdf3f06b73172dace756c4441762f6999b0c43505981a0c56f3c38a67c","ea8d71b9e86f670782fff8e23ca702e680294db2a71b4727bfb505b3a01abf2c",60.130957,,1.41501,1.58719,0,0,False,True,75201247,"host-final-output","029.log"
30,"23_old_wpms_160","correlation-clustering_wt-Rounded_CorrelationClustering_Vowel_BINARY_N800_D0.200_old.wcnf","Host-NuWLS","NuWLS",False,1,60,,,"fecf20cdf3f06b73172dace756c4441762f6999b0c43505981a0c56f3c38a67c","ea8d71b9e86f670782fff8e23ca702e680294db2a71b4727bfb505b3a01abf2c",60.138888,,3.41277,8.4191,0,0,False,True,86276967,"host-final-output","030.log"
31,"23_old_wpms_160","decision-tree-anneal-un-formula_0.8_2021_atleast_31_max-4_reduced_incomplete_adaboost_3_old.wcnf","Host-NuWLS","NuWLS",False,1,60,,,"fecf20cdf3f06b73172dace756c4441762f6999b0c43505981a0c56f3c38a67c","ea8d71b9e86f670782fff8e23ca702e680294db2a71b4727bfb505b3a01abf2c",60.061197,,1.31963,2.93698,0,0,False,True,355,"host-final-output","031.log"
32,"23_old_wpms_160","decision-tree-anneal-un-formula_0.8_2021_atleast_31_max-4_reduced_incomplete_adaboost_5_old.wcnf","Host-NuWLS","NuWLS",False,1,60,,,"fecf20cdf3f06b73172dace756c4441762f6999b0c43505981a0c56f3c38a67c","ea8d71b9e86f670782fff8e23ca702e680294db2a71b4727bfb505b3a01abf2c",60.046043,,2.45326,22.8801,0,0,False,True,750,"host-final-output","032.log"
33,"23_old_wpms_160","decision-tree-australian-credit-un-formula_0.8_2021_atleast_31_max-4_reduced_incomplete_adaboost_5_old.wcnf","Host-NuWLS","NuWLS",False,1,60,,,"fecf20cdf3f06b73172dace756c4441762f6999b0c43505981a0c56f3c38a67c","ea8d71b9e86f670782fff8e23ca702e680294db2a71b4727bfb505b3a01abf2c",60.044085,,1.95136,3.83338,0,0,False,True,575,"host-final-output","033.log"
34,"23_old_wpms_160","decision-tree-heart-cleveland-un-formula_0.8_2021_atleast_127_max-6_reduced_incomplete_adaboost_2_old.wcnf","Host-NuWLS","NuWLS",False,1,60,,,"fecf20cdf3f06b73172dace756c4441762f6999b0c43505981a0c56f3c38a67c","ea8d71b9e86f670782fff8e23ca702e680294db2a71b4727bfb505b3a01abf2c",60.472953,,7.22668,7.28431,0,0,False,True,72,"host-final-output","034.log"
35,"23_old_wpms_160","decision-tree-heart-cleveland-un-formula_0.8_2021_atleast_15_max-3_reduced_incomplete_adaboost_4_old.wcnf","Host-NuWLS","NuWLS",False,1,60,,,"fecf20cdf3f06b73172dace756c4441762f6999b0c43505981a0c56f3c38a67c","ea8d71b9e86f670782fff8e23ca702e680294db2a71b4727bfb505b3a01abf2c",60.017430,,0.331323,0.518609,0,0,False,True,138,"host-final-output","035.log"
36,"23_old_wpms_160","decision-tree-heart-cleveland-un-formula_0.8_2021_atleast_31_max-4_reduced_incomplete_adaboost_4_old.wcnf","Host-NuWLS","NuWLS",False,1,60,,,"fecf20cdf3f06b73172dace756c4441762f6999b0c43505981a0c56f3c38a67c","ea8d71b9e86f670782fff8e23ca702e680294db2a71b4727bfb505b3a01abf2c",60.047284,,0.571905,0.866314,0,0,False,True,146,"host-final-output","036.log"
37,"23_old_wpms_160","decision-tree-heart-cleveland-un-formula_0.8_2021_atleast_31_max-4_reduced_incomplete_adaboost_6_old.wcnf","Host-NuWLS","NuWLS",False,1,60,,,"fecf20cdf3f06b73172dace756c4441762f6999b0c43505981a0c56f3c38a67c","ea8d71b9e86f670782fff8e23ca702e680294db2a71b4727bfb505b3a01abf2c",60.041039,,0.525056,1.25928,0,0,False,True,240,"host-final-output","037.log"
38,"23_old_wpms_160","decision-tree-primary-tumor-un-formula_0.8_2021_atleast_127_max-6_reduced_incomplete_adaboost_2_old.wcnf","Host-NuWLS","NuWLS",False,1,60,,,"fecf20cdf3f06b73172dace756c4441762f6999b0c43505981a0c56f3c38a67c","ea8d71b9e86f670782fff8e23ca702e680294db2a71b4727bfb505b3a01abf2c",60.235203,,1.89233,4.04277,0,0,False,True,113,"host-final-output","038.log"
39,"23_old_wpms_160","decision-tree-primary-tumor-un-formula_0.8_2021_atleast_127_max-6_reduced_incomplete_adaboost_4_old.wcnf","Host-NuWLS","NuWLS",False,1,60,,,"fecf20cdf3f06b73172dace756c4441762f6999b0c43505981a0c56f3c38a67c","ea8d71b9e86f670782fff8e23ca702e680294db2a71b4727bfb505b3a01abf2c",60.141788,,1.83258,1.96271,0,0,False,True,212,"host-final-output","039.log"
40,"23_old_wpms_160","decision-tree-primary-tumor-un-formula_0.8_2021_atleast_15_max-3_reduced_incomplete_adaboost_2_old.wcnf","Host-NuWLS","NuWLS",False,1,60,,,"fecf20cdf3f06b73172dace756c4441762f6999b0c43505981a0c56f3c38a67c","ea8d71b9e86f670782fff8e23ca702e680294db2a71b4727bfb505b3a01abf2c",60.008325,,0.0928519,4.72448,0,0,False,True,84,"host-final-output","040.log"
41,"23_old_wpms_160","decision-tree-primary-tumor-un-formula_0.8_2021_atleast_31_max-4_reduced_incomplete_adaboost_4_old.wcnf","Host-NuWLS","NuWLS",False,1,60,,,"fecf20cdf3f06b73172dace756c4441762f6999b0c43505981a0c56f3c38a67c","ea8d71b9e86f670782fff8e23ca702e680294db2a71b4727bfb505b3a01abf2c",60.019607,,0.191862,4.01288,0,0,False,True,155,"host-final-output","041.log"
42,"23_old_wpms_160","decision-tree-primary-tumor-un-formula_0.8_2021_atleast_63_max-5_reduced_incomplete_adaboost_6_old.wcnf","Host-NuWLS","NuWLS",False,1,60,,,"fecf20cdf3f06b73172dace756c4441762f6999b0c43505981a0c56f3c38a67c","ea8d71b9e86f670782fff8e23ca702e680294db2a71b4727bfb505b3a01abf2c",60.061057,,0.605007,1.46663,0,0,False,True,338,"host-final-output","042.log"
43,"23_old_wpms_160","decision-tree-tic-tac-toe-un-formula_0.8_2021_atleast_15_max-3_reduced_incomplete_adaboost_2_old.wcnf","Host-NuWLS","NuWLS",False,1,60,,,"fecf20cdf3f06b73172dace756c4441762f6999b0c43505981a0c56f3c38a67c","ea8d71b9e86f670782fff8e23ca702e680294db2a71b4727bfb505b3a01abf2c",60.024852,,0.195488,0.340252,0,0,False,True,335,"host-final-output","043.log"
44,"23_old_wpms_160","decision-tree-tic-tac-toe-un-formula_0.8_2021_atleast_15_max-3_reduced_incomplete_adaboost_3_old.wcnf","Host-NuWLS","NuWLS",False,1,60,,,"fecf20cdf3f06b73172dace756c4441762f6999b0c43505981a0c56f3c38a67c","ea8d71b9e86f670782fff8e23ca702e680294db2a71b4727bfb505b3a01abf2c",60.011783,,0.236335,0.313238,0,0,False,True,443,"host-final-output","044.log"
45,"23_old_wpms_160","decision-tree-tic-tac-toe-un-formula_0.8_2021_atleast_31_max-4_reduced_incomplete_adaboost_2_old.wcnf","Host-NuWLS","NuWLS",False,1,60,,,"fecf20cdf3f06b73172dace756c4441762f6999b0c43505981a0c56f3c38a67c","ea8d71b9e86f670782fff8e23ca702e680294db2a71b4727bfb505b3a01abf2c",60.020576,,0.917244,0.917244,0,0,False,True,286,"host-final-output","045.log"
46,"23_old_wpms_160","drmx-cryptogen_wt-geffe128_7_old.wcnf","Host-NuWLS","NuWLS",False,1,60,,,"fecf20cdf3f06b73172dace756c4441762f6999b0c43505981a0c56f3c38a67c","ea8d71b9e86f670782fff8e23ca702e680294db2a71b4727bfb505b3a01abf2c",60.004879,,0.0149312,30.7895,0,0,False,True,800,"host-final-output","046.log"
47,"23_old_wpms_160","generalized-ising_wt-IS11_5.0.5.0.0.5_softer_periodic_old.wcnf","Host-NuWLS","NuWLS",False,1,60,,,"fecf20cdf3f06b73172dace756c4441762f6999b0c43505981a0c56f3c38a67c","ea8d71b9e86f670782fff8e23ca702e680294db2a71b4727bfb505b3a01abf2c",60.011760,,0.0443424,0.0475829,0,0,False,True,112072158920140,"host-final-output","047.log"
48,"23_old_wpms_160","generalized-ising_wt-IS12_5.0.5.0.0.5_softer_periodic_old.wcnf","Host-NuWLS","NuWLS",False,1,60,,,"fecf20cdf3f06b73172dace756c4441762f6999b0c43505981a0c56f3c38a67c","ea8d71b9e86f670782fff8e23ca702e680294db2a71b4727bfb505b3a01abf2c",60.016140,,1.4733,1.90484,0,0,False,True,113171466486232,"host-final-output","048.log"
49,"23_old_wpms_160","generalized-ising_wt-IS13_5.0.5.0.0.5_softer_periodic_old.wcnf","Host-NuWLS","NuWLS",False,1,60,,,"fecf20cdf3f06b73172dace756c4441762f6999b0c43505981a0c56f3c38a67c","ea8d71b9e86f670782fff8e23ca702e680294db2a71b4727bfb505b3a01abf2c",60.045540,,0.0671962,0.0695297,0,0,False,True,119401387482250,"host-final-output","049.log"
50,"23_old_wpms_160","generalized-ising_wt-IS15_5.0.5.0.0.5_softer_periodic_old.wcnf","Host-NuWLS","NuWLS",False,1,60,,,"fecf20cdf3f06b73172dace756c4441762f6999b0c43505981a0c56f3c38a67c","ea8d71b9e86f670782fff8e23ca702e680294db2a71b4727bfb505b3a01abf2c",60.026181,,0.0422385,0.045854,0,0,False,True,114658059944605,"host-final-output","050.log"
51,"23_old_wpms_160","generalized-ising_wt-IS16_5.0.5.0.0.5_softer_periodic_old.wcnf","Host-NuWLS","NuWLS",False,1,60,,,"fecf20cdf3f06b73172dace756c4441762f6999b0c43505981a0c56f3c38a67c","ea8d71b9e86f670782fff8e23ca702e680294db2a71b4727bfb505b3a01abf2c",60.019174,,0.0444084,1.46763,0,0,False,True,115258059944605,"host-final-output","051.log"
52,"23_old_wpms_160","generalized-ising_wt-IS17_5.0.5.0.0.5_softer_periodic_old.wcnf","Host-NuWLS","NuWLS",False,1,60,,,"fecf20cdf3f06b73172dace756c4441762f6999b0c43505981a0c56f3c38a67c","ea8d71b9e86f670782fff8e23ca702e680294db2a71b4727bfb505b3a01abf2c",60.022071,,0.0792015,0.185227,0,0,False,True,115902780531937,"host-final-output","052.log"
53,"23_old_wpms_160","generalized-ising_wt-IS20_5.0.5.0.0.5_softer_periodic_old.wcnf","Host-NuWLS","NuWLS",False,1,60,,,"fecf20cdf3f06b73172dace756c4441762f6999b0c43505981a0c56f3c38a67c","ea8d71b9e86f670782fff8e23ca702e680294db2a71b4727bfb505b3a01abf2c",60.027828,,0.0451212,0.0478173,0,0,False,True,119388436533633,"host-final-output","053.log"
54,"23_old_wpms_160","generalized-ising_wt-IS22_5.0.5.0.0.5_softer_periodic_old.wcnf","Host-NuWLS","NuWLS",False,1,60,,,"fecf20cdf3f06b73172dace756c4441762f6999b0c43505981a0c56f3c38a67c","ea8d71b9e86f670782fff8e23ca702e680294db2a71b4727bfb505b3a01abf2c",60.015911,,0.0459953,25.4575,0,0,False,True,119082223939873,"host-final-output","054.log"
55,"23_old_wpms_160","generalized-ising_wt-IS23_5.0.5.0.0.5_softer_periodic_old.wcnf","Host-NuWLS","NuWLS",False,1,60,,,"fecf20cdf3f06b73172dace756c4441762f6999b0c43505981a0c56f3c38a67c","ea8d71b9e86f670782fff8e23ca702e680294db2a71b4727bfb505b3a01abf2c",60.018426,,0.119292,0.162949,0,0,False,True,118669898946710,"host-final-output","055.log"
56,"23_old_wpms_160","generalized-ising_wt-IS3_5.0.5.0.0.5_softer_periodic_old.wcnf","Host-NuWLS","NuWLS",False,1,60,,,"fecf20cdf3f06b73172dace756c4441762f6999b0c43505981a0c56f3c38a67c","ea8d71b9e86f670782fff8e23ca702e680294db2a71b4727bfb505b3a01abf2c",60.124095,,0.0813044,11.8783,0,0,False,True,116825198407457,"host-final-output","056.log"
57,"23_old_wpms_160","generalized-ising_wt-IS4_5.0.5.0.0.5_softer_periodic_old.wcnf","Host-NuWLS","NuWLS",False,1,60,,,"fecf20cdf3f06b73172dace756c4441762f6999b0c43505981a0c56f3c38a67c","ea8d71b9e86f670782fff8e23ca702e680294db2a71b4727bfb505b3a01abf2c",60.035667,,0.194289,10.1855,0,0,False,True,116029668824275,"host-final-output","057.log"
58,"23_old_wpms_160","generalized-ising_wt-IS5_5.0.5.0.0.5_softer_periodic_old.wcnf","Host-NuWLS","NuWLS",False,1,60,,,"fecf20cdf3f06b73172dace756c4441762f6999b0c43505981a0c56f3c38a67c","ea8d71b9e86f670782fff8e23ca702e680294db2a71b4727bfb505b3a01abf2c",60.024798,,0.0799198,0.408954,0,0,False,True,115021199007239,"host-final-output","058.log"
59,"23_old_wpms_160","generalized-ising_wt-IS6_5.0.5.0.0.5_softer_periodic_old.wcnf","Host-NuWLS","NuWLS",False,1,60,,,"fecf20cdf3f06b73172dace756c4441762f6999b0c43505981a0c56f3c38a67c","ea8d71b9e86f670782fff8e23ca702e680294db2a71b4727bfb505b3a01abf2c",60.015724,,0.23536,13.0535,0,0,False,True,113944733329243,"host-final-output","059.log"
60,"23_old_wpms_160","generalized-ising_wt-IS7_5.0.5.0.0.5_softer_periodic_old.wcnf","Host-NuWLS","NuWLS",False,1,60,,,"fecf20cdf3f06b73172dace756c4441762f6999b0c43505981a0c56f3c38a67c","ea8d71b9e86f670782fff8e23ca702e680294db2a71b4727bfb505b3a01abf2c",60.029599,,0.041608,2.20331,0,0,False,True,112740955536223,"host-final-output","060.log"
61,"23_old_wpms_160","generalized-ising_wt-IS9_5.0.5.0.0.5_softer_periodic_old.wcnf","Host-NuWLS","NuWLS",False,1,60,,,"fecf20cdf3f06b73172dace756c4441762f6999b0c43505981a0c56f3c38a67c","ea8d71b9e86f670782fff8e23ca702e680294db2a71b4727bfb505b3a01abf2c",60.025880,,0.0603324,0.19203,0,0,False,True,110066981524169,"host-final-output","061.log"
62,"23_old_wpms_160","hs-timetabling_wt-BrazilInstance1.xml_old.wcnf","Host-NuWLS","NuWLS",False,1,60,,,"fecf20cdf3f06b73172dace756c4441762f6999b0c43505981a0c56f3c38a67c","ea8d71b9e86f670782fff8e23ca702e680294db2a71b4727bfb505b3a01abf2c",60.007252,,0.0907062,42.8046,0,0,False,True,117,"host-final-output","062.log"
63,"23_old_wpms_160","hs-timetabling_wt-BrazilInstance2.xml_old.wcnf","Host-NuWLS","NuWLS",False,1,60,,,"fecf20cdf3f06b73172dace756c4441762f6999b0c43505981a0c56f3c38a67c","ea8d71b9e86f670782fff8e23ca702e680294db2a71b4727bfb505b3a01abf2c",60.007477,,0.183881,50.8311,0,0,False,True,149,"host-final-output","063.log"
64,"23_old_wpms_160","hs-timetabling_wt-BrazilInstance4.xml_old.wcnf","Host-NuWLS","NuWLS",False,1,60,,,"fecf20cdf3f06b73172dace756c4441762f6999b0c43505981a0c56f3c38a67c","ea8d71b9e86f670782fff8e23ca702e680294db2a71b4727bfb505b3a01abf2c",60.010161,,,,0,1,False,False,,"host-final-output","064.log"
65,"23_old_wpms_160","hs-timetabling_wt-BrazilInstance5.xml_old.wcnf","Host-NuWLS","NuWLS",False,1,60,,,"fecf20cdf3f06b73172dace756c4441762f6999b0c43505981a0c56f3c38a67c","ea8d71b9e86f670782fff8e23ca702e680294db2a71b4727bfb505b3a01abf2c",60.012519,,0.424791,28.919,0,0,False,True,490,"host-final-output","065.log"
66,"23_old_wpms_160","hs-timetabling_wt-BrazilInstance6.xml_old.wcnf","Host-NuWLS","NuWLS",False,1,60,,,"fecf20cdf3f06b73172dace756c4441762f6999b0c43505981a0c56f3c38a67c","ea8d71b9e86f670782fff8e23ca702e680294db2a71b4727bfb505b3a01abf2c",60.013106,,0.633486,56.0732,0,0,False,True,546,"host-final-output","066.log"
67,"23_old_wpms_160","hs-timetabling_wt-BrazilInstance7.xml_old.wcnf","Host-NuWLS","NuWLS",False,1,60,,,"fecf20cdf3f06b73172dace756c4441762f6999b0c43505981a0c56f3c38a67c","ea8d71b9e86f670782fff8e23ca702e680294db2a71b4727bfb505b3a01abf2c",60.018297,,0.917968,49.8161,0,0,False,True,889,"host-final-output","067.log"
68,"23_old_wpms_160","hs-timetabling_wt-FinlandSecondarySchool.xml_old.wcnf","Host-NuWLS","NuWLS",False,1,60,,,"fecf20cdf3f06b73172dace756c4441762f6999b0c43505981a0c56f3c38a67c","ea8d71b9e86f670782fff8e23ca702e680294db2a71b4727bfb505b3a01abf2c",60.035560,,,,0,1,False,False,,"host-final-output","068.log"
69,"23_old_wpms_160","hs-timetabling_wt-ItalyInstance4.xml_old.wcnf","Host-NuWLS","NuWLS",False,1,60,,,"fecf20cdf3f06b73172dace756c4441762f6999b0c43505981a0c56f3c38a67c","ea8d71b9e86f670782fff8e23ca702e680294db2a71b4727bfb505b3a01abf2c",60.077204,,3.58451,13.6022,0,0,False,True,12143,"host-final-output","069.log"
70,"23_old_wpms_160","judgment-aggregation-ja-kemeny-preflib-00049-00000300_old.wcnf","Host-NuWLS","NuWLS",False,1,60,,,"fecf20cdf3f06b73172dace756c4441762f6999b0c43505981a0c56f3c38a67c","ea8d71b9e86f670782fff8e23ca702e680294db2a71b4727bfb505b3a01abf2c",60.017786,,0.179061,10.1946,0,0,False,True,776,"host-final-output","070.log"
71,"23_old_wpms_160","judgment-aggregation-ja-kemeny-preflib-00049-00000334_old.wcnf","Host-NuWLS","NuWLS",False,1,60,,,"fecf20cdf3f06b73172dace756c4441762f6999b0c43505981a0c56f3c38a67c","ea8d71b9e86f670782fff8e23ca702e680294db2a71b4727bfb505b3a01abf2c",60.012311,,0.0897964,10.9916,0,0,False,True,542,"host-final-output","071.log"
72,"23_old_wpms_160","judgment-aggregation-ja-kemeny-preflib-00049-00000451_old.wcnf","Host-NuWLS","NuWLS",False,1,60,,,"fecf20cdf3f06b73172dace756c4441762f6999b0c43505981a0c56f3c38a67c","ea8d71b9e86f670782fff8e23ca702e680294db2a71b4727bfb505b3a01abf2c",60.065774,,0.646631,20.9453,0,0,False,True,930,"host-final-output","072.log"
73,"23_old_wpms_160","judgment-aggregation-ja-kemeny-preflib-00049-00000454_old.wcnf","Host-NuWLS","NuWLS",False,1,60,,,"fecf20cdf3f06b73172dace756c4441762f6999b0c43505981a0c56f3c38a67c","ea8d71b9e86f670782fff8e23ca702e680294db2a71b4727bfb505b3a01abf2c",60.021274,,0.186992,10.8828,0,0,False,True,632,"host-final-output","073.log"
74,"23_old_wpms_160","judgment-aggregation-ja-kemeny-preflib-00051-00000011_old.wcnf","Host-NuWLS","NuWLS",False,1,60,,,"fecf20cdf3f06b73172dace756c4441762f6999b0c43505981a0c56f3c38a67c","ea8d71b9e86f670782fff8e23ca702e680294db2a71b4727bfb505b3a01abf2c",60.099442,,1.14691,52.3047,0,0,False,True,695,"host-final-output","074.log"
75,"23_old_wpms_160","max-realizability_wt-power-distribution_11_7_old.wcnf","Host-NuWLS","NuWLS",False,1,60,,,"fecf20cdf3f06b73172dace756c4441762f6999b0c43505981a0c56f3c38a67c","ea8d71b9e86f670782fff8e23ca702e680294db2a71b4727bfb505b3a01abf2c",60.024294,,0.350287,0.98039,0,0,False,True,126,"host-final-output","075.log"
76,"23_old_wpms_160","max-realizability_wt-power-distribution_12_8_old.wcnf","Host-NuWLS","NuWLS",False,1,60,,,"fecf20cdf3f06b73172dace756c4441762f6999b0c43505981a0c56f3c38a67c","ea8d71b9e86f670782fff8e23ca702e680294db2a71b4727bfb505b3a01abf2c",60.046072,,0.752612,1.22244,0,0,False,True,216,"host-final-output","076.log"
77,"23_old_wpms_160","max-realizability_wt-robot-navigation_10_old.wcnf","Host-NuWLS","NuWLS",False,1,60,,,"fecf20cdf3f06b73172dace756c4441762f6999b0c43505981a0c56f3c38a67c","ea8d71b9e86f670782fff8e23ca702e680294db2a71b4727bfb505b3a01abf2c",60.047319,,,,0,1,False,False,,"host-final-output","077.log"
78,"23_old_wpms_160","MaxSATQueriesinInterpretableClassifiers_wt-credit_train_8_CNF_5_20_old.wcnf","Host-NuWLS","NuWLS",False,1,60,,,"fecf20cdf3f06b73172dace756c4441762f6999b0c43505981a0c56f3c38a67c","ea8d71b9e86f670782fff8e23ca702e680294db2a71b4727bfb505b3a01abf2c",60.087673,,1.71418,45.517,0,0,False,True,96111,"host-final-output","078.log"
79,"23_old_wpms_160","MaxSATQueriesinInterpretableClassifiers_wt-pima_train_6_CNF_3_20_old.wcnf","Host-NuWLS","NuWLS",False,1,60,,,"fecf20cdf3f06b73172dace756c4441762f6999b0c43505981a0c56f3c38a67c","ea8d71b9e86f670782fff8e23ca702e680294db2a71b4727bfb505b3a01abf2c",60.005869,,0.0200156,12.587,0,0,False,True,2757,"host-final-output","079.log"
80,"23_old_wpms_160","MaxSATQueriesinInterpretableClassifiers_wt-toms_test_2_CNF_3_20_old.wcnf","Host-NuWLS","NuWLS",False,1,60,,,"fecf20cdf3f06b73172dace756c4441762f6999b0c43505981a0c56f3c38a67c","ea8d71b9e86f670782fff8e23ca702e680294db2a71b4727bfb505b3a01abf2c",60.038821,,0.395234,35.4311,0,0,False,True,174,"host-final-output","080.log"
81,"23_old_wpms_160","metro_wt-metro_8_8_5_20_10_6_500_1_3.lp.sm-extracted_old.wcnf","Host-NuWLS","NuWLS",False,1,60,,,"fecf20cdf3f06b73172dace756c4441762f6999b0c43505981a0c56f3c38a67c","ea8d71b9e86f670782fff8e23ca702e680294db2a71b4727bfb505b3a01abf2c",60.012954,,6.53298,10.6513,0,0,False,True,215,"host-final-output","081.log"
82,"23_old_wpms_160","MinimumWeightDominatingSetProblem_wt-bn-human-BNU_1_0025865_session_1-bg_old.wcnf","Host-NuWLS","NuWLS",False,1,60,,,"fecf20cdf3f06b73172dace756c4441762f6999b0c43505981a0c56f3c38a67c","ea8d71b9e86f670782fff8e23ca702e680294db2a71b4727bfb505b3a01abf2c",221.825002,,221.332,221.332,0,0,False,True,119428383,"host-final-output","082.log"
83,"23_old_wpms_160","MinimumWeightDominatingSetProblem_wt-channel-500x100x100-b050_old.wcnf","Host-NuWLS","NuWLS",False,1,60,,,"fecf20cdf3f06b73172dace756c4441762f6999b0c43505981a0c56f3c38a67c","ea8d71b9e86f670782fff8e23ca702e680294db2a71b4727bfb505b3a01abf2c",61.119121,,35.6671,35.6671,0,0,False,True,33348213,"host-final-output","083.log"
84,"23_old_wpms_160","MinimumWeightDominatingSetProblem_wt-delaunay_n24_old.wcnf","Host-NuWLS","NuWLS",False,1,60,,,"fecf20cdf3f06b73172dace756c4441762f6999b0c43505981a0c56f3c38a67c","ea8d71b9e86f670782fff8e23ca702e680294db2a71b4727bfb505b3a01abf2c",61.429773,,59.0216,59.0216,0,0,False,True,276432528,"host-final-output","084.log"
85,"23_old_wpms_160","MinimumWeightDominatingSetProblem_wt-hugebubbles-00020_old.wcnf","Host-NuWLS","NuWLS",False,1,60,,,"fecf20cdf3f06b73172dace756c4441762f6999b0c43505981a0c56f3c38a67c","ea8d71b9e86f670782fff8e23ca702e680294db2a71b4727bfb505b3a01abf2c",66.311156,,64.4877,64.4877,0,0,False,True,588544429,"host-final-output","085.log"
86,"23_old_wpms_160","MinimumWeightDominatingSetProblem_wt-inf-road-usa_old.wcnf","Host-NuWLS","NuWLS",False,1,60,,,"fecf20cdf3f06b73172dace756c4441762f6999b0c43505981a0c56f3c38a67c","ea8d71b9e86f670782fff8e23ca702e680294db2a71b4727bfb505b3a01abf2c",64.681973,,62.6408,62.6408,0,0,False,True,759720620,"host-final-output","086.log"
87,"23_old_wpms_160","MinimumWeightDominatingSetProblem_wt-rgg_n_2_24_s0_old.wcnf","Host-NuWLS","NuWLS",False,1,60,,,"fecf20cdf3f06b73172dace756c4441762f6999b0c43505981a0c56f3c38a67c","ea8d71b9e86f670782fff8e23ca702e680294db2a71b4727bfb505b3a01abf2c",111.479025,,109.045,109.045,0,0,False,True,54514898,"host-final-output","087.log"
88,"23_old_wpms_160","MinimumWeightDominatingSetProblem_wt-sc-rel9_old.wcnf","Host-NuWLS","NuWLS",False,1,60,,,"fecf20cdf3f06b73172dace756c4441762f6999b0c43505981a0c56f3c38a67c","ea8d71b9e86f670782fff8e23ca702e680294db2a71b4727bfb505b3a01abf2c",61.557346,,40.7487,50.0035,0,0,False,True,14350185,"host-final-output","088.log"
89,"23_old_wpms_160","MinimumWeightDominatingSetProblem_wt-soc-livejournal-user-groups_old.wcnf","Host-NuWLS","NuWLS",False,1,60,,,"fecf20cdf3f06b73172dace756c4441762f6999b0c43505981a0c56f3c38a67c","ea8d71b9e86f670782fff8e23ca702e680294db2a71b4727bfb505b3a01abf2c",1784.472232,,,,134,1,False,False,,"host-final-output","089.log"
90,"23_old_wpms_160","MinimumWeightDominatingSetProblem_wt-web-wikipedia2009_old.wcnf","Host-NuWLS","NuWLS",False,1,60,,,"fecf20cdf3f06b73172dace756c4441762f6999b0c43505981a0c56f3c38a67c","ea8d71b9e86f670782fff8e23ca702e680294db2a71b4727bfb505b3a01abf2c",60.530882,,7.43874,60.0337,0,0,False,True,27073211,"host-final-output","090.log"
91,"23_old_wpms_160","mpe_wt-random-net-50-5_network-8.net_old.wcnf","Host-NuWLS","NuWLS",False,1,60,,,"fecf20cdf3f06b73172dace756c4441762f6999b0c43505981a0c56f3c38a67c","ea8d71b9e86f670782fff8e23ca702e680294db2a71b4727bfb505b3a01abf2c",60.005377,,0.019823,0.862566,0,0,False,True,46535,"host-final-output","091.log"
92,"23_old_wpms_160","ParametricRBACMaintenance_mse20_wt-role_domino_multiple_0.1_8_old.wcnf","Host-NuWLS","NuWLS",False,1,60,,,"fecf20cdf3f06b73172dace756c4441762f6999b0c43505981a0c56f3c38a67c","ea8d71b9e86f670782fff8e23ca702e680294db2a71b4727bfb505b3a01abf2c",60.067461,,1.15653,34.9311,0,0,False,True,38820,"host-final-output","092.log"
93,"23_old_wpms_160","ParametricRBACMaintenance_mse20_wt-role_domino_multiple_0.2_0_old.wcnf","Host-NuWLS","NuWLS",False,1,60,,,"fecf20cdf3f06b73172dace756c4441762f6999b0c43505981a0c56f3c38a67c","ea8d71b9e86f670782fff8e23ca702e680294db2a71b4727bfb505b3a01abf2c",60.073469,,1.29268,14.4785,0,0,False,True,66832,"host-final-output","093.log"
94,"23_old_wpms_160","ParametricRBACMaintenance_mse20_wt-role_domino_multiple_0.5_1_old.wcnf","Host-NuWLS","NuWLS",False,1,60,,,"fecf20cdf3f06b73172dace756c4441762f6999b0c43505981a0c56f3c38a67c","ea8d71b9e86f670782fff8e23ca702e680294db2a71b4727bfb505b3a01abf2c",60.119782,,1.26327,13.2642,0,0,False,True,142722,"host-final-output","094.log"
95,"23_old_wpms_160","ParametricRBACMaintenance_mse20_wt-role_domino_multiple_0.6_8_old.wcnf","Host-NuWLS","NuWLS",False,1,60,,,"fecf20cdf3f06b73172dace756c4441762f6999b0c43505981a0c56f3c38a67c","ea8d71b9e86f670782fff8e23ca702e680294db2a71b4727bfb505b3a01abf2c",60.069385,,1.1724,21.4861,0,0,False,True,159803,"host-final-output","095.log"
96,"23_old_wpms_160","ParametricRBACMaintenance_mse20_wt-role_smallcomp_multiple_0.7_2_old.wcnf","Host-NuWLS","NuWLS",False,1,60,,,"fecf20cdf3f06b73172dace756c4441762f6999b0c43505981a0c56f3c38a67c","ea8d71b9e86f670782fff8e23ca702e680294db2a71b4727bfb505b3a01abf2c",60.004929,,0.0124177,13.5286,0,0,False,True,277688,"host-final-output","096.log"
97,"23_old_wpms_160","ParametricRBACMaintenance_mse20_wt-role_smallcomp_multiple_0.7_6_old.wcnf","Host-NuWLS","NuWLS",False,1,60,,,"fecf20cdf3f06b73172dace756c4441762f6999b0c43505981a0c56f3c38a67c","ea8d71b9e86f670782fff8e23ca702e680294db2a71b4727bfb505b3a01abf2c",60.004920,,0.0676057,55.0867,0,0,False,True,252162,"host-final-output","097.log"
98,"23_old_wpms_160","ParametricRBACMaintenance_mse20_wt-role_smallcomp_multiple_0.8_1_old.wcnf","Host-NuWLS","NuWLS",False,1,60,,,"fecf20cdf3f06b73172dace756c4441762f6999b0c43505981a0c56f3c38a67c","ea8d71b9e86f670782fff8e23ca702e680294db2a71b4727bfb505b3a01abf2c",60.004986,,0.0728841,11.0603,0,0,False,True,350793,"host-final-output","098.log"
99,"23_old_wpms_160","ParametricRBACMaintenance_mse20_wt-role_smallcomp_multiple_0.9_6_old.wcnf","Host-NuWLS","NuWLS",False,1,60,,,"fecf20cdf3f06b73172dace756c4441762f6999b0c43505981a0c56f3c38a67c","ea8d71b9e86f670782fff8e23ca702e680294db2a71b4727bfb505b3a01abf2c",60.004937,,0.0318808,0.182685,0,0,False,True,282321,"host-final-output","099.log"
100,"23_old_wpms_160","ParametricRBACMaintenance_mse20_wt-role_university_multiple_0.1_1_old.wcnf","Host-NuWLS","NuWLS",False,1,60,,,"fecf20cdf3f06b73172dace756c4441762f6999b0c43505981a0c56f3c38a67c","ea8d71b9e86f670782fff8e23ca702e680294db2a71b4727bfb505b3a01abf2c",60.120495,,1.73035,27.9465,0,0,False,True,59217,"host-final-output","100.log"
101,"23_old_wpms_160","ParametricRBACMaintenance_mse20_wt-role_university_multiple_0.4_7_old.wcnf","Host-NuWLS","NuWLS",False,1,60,,,"fecf20cdf3f06b73172dace756c4441762f6999b0c43505981a0c56f3c38a67c","ea8d71b9e86f670782fff8e23ca702e680294db2a71b4727bfb505b3a01abf2c",60.155161,,2.43166,46.0269,0,0,False,True,189712,"host-final-output","101.log"
102,"23_old_wpms_160","ParametricRBACMaintenance_mse20_wt-role_university_multiple_0.5_4_old.wcnf","Host-NuWLS","NuWLS",False,1,60,,,"fecf20cdf3f06b73172dace756c4441762f6999b0c43505981a0c56f3c38a67c","ea8d71b9e86f670782fff8e23ca702e680294db2a71b4727bfb505b3a01abf2c",60.112042,,1.66869,37.9131,0,0,False,True,202345,"host-final-output","102.log"
103,"23_old_wpms_160","ParametricRBACMaintenance_mse20_wt-role_university_multiple_0.5_5_old.wcnf","Host-NuWLS","NuWLS",False,1,60,,,"fecf20cdf3f06b73172dace756c4441762f6999b0c43505981a0c56f3c38a67c","ea8d71b9e86f670782fff8e23ca702e680294db2a71b4727bfb505b3a01abf2c",60.286280,,1.88993,31.9436,0,0,False,True,182756,"host-final-output","103.log"
104,"23_old_wpms_160","ParametricRBACMaintenance_mse20_wt-role_university_multiple_0.5_7_old.wcnf","Host-NuWLS","NuWLS",False,1,60,,,"fecf20cdf3f06b73172dace756c4441762f6999b0c43505981a0c56f3c38a67c","ea8d71b9e86f670782fff8e23ca702e680294db2a71b4727bfb505b3a01abf2c",60.160541,,2.59853,57.9295,0,0,False,True,200617,"host-final-output","104.log"
105,"23_old_wpms_160","pseudoBoolean_wt-normalized-mps-v2-20-10-sentoy.opb.msat_old.wcnf","Host-NuWLS","NuWLS",False,1,60,,,"fecf20cdf3f06b73172dace756c4441762f6999b0c43505981a0c56f3c38a67c","ea8d71b9e86f670782fff8e23ca702e680294db2a71b4727bfb505b3a01abf2c",60.008402,,,,0,1,False,False,,"host-final-output","105.log"
106,"23_old_wpms_160","railway-transport_wt-bf2030fvslack_old.wcnf","Host-NuWLS","NuWLS",False,1,60,,,"fecf20cdf3f06b73172dace756c4441762f6999b0c43505981a0c56f3c38a67c","ea8d71b9e86f670782fff8e23ca702e680294db2a71b4727bfb505b3a01abf2c",60.414925,,,,0,1,False,False,,"host-final-output","106.log"
107,"23_old_wpms_160","railway-transport_wt-f2030_old.wcnf","Host-NuWLS","NuWLS",False,1,60,,,"fecf20cdf3f06b73172dace756c4441762f6999b0c43505981a0c56f3c38a67c","ea8d71b9e86f670782fff8e23ca702e680294db2a71b4727bfb505b3a01abf2c",60.143528,,6.2292,18.7796,0,0,False,True,4863,"host-final-output","107.log"
108,"23_old_wpms_160","railway-transport_wt-r11_old.wcnf","Host-NuWLS","NuWLS",False,1,60,,,"fecf20cdf3f06b73172dace756c4441762f6999b0c43505981a0c56f3c38a67c","ea8d71b9e86f670782fff8e23ca702e680294db2a71b4727bfb505b3a01abf2c",60.764090,,27.7594,36.7265,0,0,False,True,54951510,"host-final-output","108.log"
109,"23_old_wpms_160","railway-transport_wt-wg2_old.wcnf","Host-NuWLS","NuWLS",False,1,60,,,"fecf20cdf3f06b73172dace756c4441762f6999b0c43505981a0c56f3c38a67c","ea8d71b9e86f670782fff8e23ca702e680294db2a71b4727bfb505b3a01abf2c",60.132530,,5.46759,17.8215,0,0,False,True,168,"host-final-output","109.log"
110,"23_old_wpms_160","ramsey_wt-ram_k3_n14.ra1_old.wcnf","Host-NuWLS","NuWLS",False,1,60,,,"fecf20cdf3f06b73172dace756c4441762f6999b0c43505981a0c56f3c38a67c","ea8d71b9e86f670782fff8e23ca702e680294db2a71b4727bfb505b3a01abf2c",60.004500,,0.0314986,0.851112,0,0,False,True,3025,"host-final-output","110.log"
111,"23_old_wpms_160","ramsey_wt-ram_k3_n16.ra1_old.wcnf","Host-NuWLS","NuWLS",False,1,60,,,"fecf20cdf3f06b73172dace756c4441762f6999b0c43505981a0c56f3c38a67c","ea8d71b9e86f670782fff8e23ca702e680294db2a71b4727bfb505b3a01abf2c",60.004324,,0.0361053,0.126352,0,0,False,True,7271,"host-final-output","111.log"
112,"23_old_wpms_160","ramsey_wt-ram_k3_n19.ra1_old.wcnf","Host-NuWLS","NuWLS",False,1,60,,,"fecf20cdf3f06b73172dace756c4441762f6999b0c43505981a0c56f3c38a67c","ea8d71b9e86f670782fff8e23ca702e680294db2a71b4727bfb505b3a01abf2c",60.005069,,0.164503,26.8694,0,0,False,True,20665,"host-final-output","112.log"
113,"23_old_wpms_160","ramsey_wt-ram_k4_n19.ra1_old.wcnf","Host-NuWLS","NuWLS",False,1,60,,,"fecf20cdf3f06b73172dace756c4441762f6999b0c43505981a0c56f3c38a67c","ea8d71b9e86f670782fff8e23ca702e680294db2a71b4727bfb505b3a01abf2c",60.004571,,0.165493,49.8356,0,0,False,True,1226,"host-final-output","113.log"
114,"23_old_wpms_160","relational-inference_wt-pa-1_old.wcnf","Host-NuWLS","NuWLS",False,1,60,,,"fecf20cdf3f06b73172dace756c4441762f6999b0c43505981a0c56f3c38a67c","ea8d71b9e86f670782fff8e23ca702e680294db2a71b4727bfb505b3a01abf2c",60.232889,,2.84795,5.34677,0,0,False,True,8282,"host-final-output","114.log"
115,"23_old_wpms_160","relational-inference_wt-pa-2_old.wcnf","Host-NuWLS","NuWLS",False,1,60,,,"fecf20cdf3f06b73172dace756c4441762f6999b0c43505981a0c56f3c38a67c","ea8d71b9e86f670782fff8e23ca702e680294db2a71b4727bfb505b3a01abf2c",61.630525,,31.1353,31.2013,0,0,False,True,3093,"host-final-output","115.log"
116,"23_old_wpms_160","relational-inference_wt-pa-3_old.wcnf","Host-NuWLS","NuWLS",False,1,60,,,"fecf20cdf3f06b73172dace756c4441762f6999b0c43505981a0c56f3c38a67c","ea8d71b9e86f670782fff8e23ca702e680294db2a71b4727bfb505b3a01abf2c",61.898004,,26.312,46.8312,0,0,False,True,2967,"host-final-output","116.log"
117,"23_old_wpms_160","setcover_wt-rail2536_old.wcnf","Host-NuWLS","NuWLS",False,1,60,,,"fecf20cdf3f06b73172dace756c4441762f6999b0c43505981a0c56f3c38a67c","ea8d71b9e86f670782fff8e23ca702e680294db2a71b4727bfb505b3a01abf2c",495.832958,,,,134,1,False,False,,"host-final-output","117.log"
118,"23_old_wpms_160","setcover_wt-rail4284_old.wcnf","Host-NuWLS","NuWLS",False,1,60,,,"fecf20cdf3f06b73172dace756c4441762f6999b0c43505981a0c56f3c38a67c","ea8d71b9e86f670782fff8e23ca702e680294db2a71b4727bfb505b3a01abf2c",455.398354,,,,134,1,False,False,,"host-final-output","118.log"
119,"23_old_wpms_160","setcover_wt-rail4872_old.wcnf","Host-NuWLS","NuWLS",False,1,60,,,"fecf20cdf3f06b73172dace756c4441762f6999b0c43505981a0c56f3c38a67c","ea8d71b9e86f670782fff8e23ca702e680294db2a71b4727bfb505b3a01abf2c",1050.042932,,,,134,1,False,False,,"host-final-output","119.log"
120,"23_old_wpms_160","setcover_wt-rail507_old.wcnf","Host-NuWLS","NuWLS",False,1,60,,,"fecf20cdf3f06b73172dace756c4441762f6999b0c43505981a0c56f3c38a67c","ea8d71b9e86f670782fff8e23ca702e680294db2a71b4727bfb505b3a01abf2c",60.362759,,3.06599,42.8391,0,0,False,True,221,"host-final-output","120.log"
121,"23_old_wpms_160","shiftdesign_wt-limits-10-10_data-1_inst-084_30m.sm-extracted_old.wcnf","Host-NuWLS","NuWLS",False,1,60,,,"fecf20cdf3f06b73172dace756c4441762f6999b0c43505981a0c56f3c38a67c","ea8d71b9e86f670782fff8e23ca702e680294db2a71b4727bfb505b3a01abf2c",61.189750,,,,0,1,False,False,,"host-final-output","121.log"
122,"23_old_wpms_160","shiftdesign_wt-limits-10-10_data-1_inst-137_30m.sm-extracted_old.wcnf","Host-NuWLS","NuWLS",False,1,60,,,"fecf20cdf3f06b73172dace756c4441762f6999b0c43505981a0c56f3c38a67c","ea8d71b9e86f670782fff8e23ca702e680294db2a71b4727bfb505b3a01abf2c",60.681213,,,,0,1,False,False,,"host-final-output","122.log"
123,"23_old_wpms_160","shiftdesign_wt-limits-10-10_data-1_inst-182_30m.sm-extracted_old.wcnf","Host-NuWLS","NuWLS",False,1,60,,,"fecf20cdf3f06b73172dace756c4441762f6999b0c43505981a0c56f3c38a67c","ea8d71b9e86f670782fff8e23ca702e680294db2a71b4727bfb505b3a01abf2c",61.052469,,,,0,1,False,False,,"host-final-output","123.log"
124,"23_old_wpms_160","shiftdesign_wt-limits-10-10_data-2_inst-003_30m.sm-extracted_old.wcnf","Host-NuWLS","NuWLS",False,1,60,,,"fecf20cdf3f06b73172dace756c4441762f6999b0c43505981a0c56f3c38a67c","ea8d71b9e86f670782fff8e23ca702e680294db2a71b4727bfb505b3a01abf2c",61.102209,,,,0,1,False,False,,"host-final-output","124.log"
125,"23_old_wpms_160","shiftdesign_wt-limits-10-10_data-2_inst-025_30m.sm-extracted_old.wcnf","Host-NuWLS","NuWLS",False,1,60,,,"fecf20cdf3f06b73172dace756c4441762f6999b0c43505981a0c56f3c38a67c","ea8d71b9e86f670782fff8e23ca702e680294db2a71b4727bfb505b3a01abf2c",63.612714,,,,0,1,False,False,,"host-final-output","125.log"
126,"23_old_wpms_160","shiftdesign_wt-limits-10-10_data-2_inst-030_30m.sm-extracted_old.wcnf","Host-NuWLS","NuWLS",False,1,60,,,"fecf20cdf3f06b73172dace756c4441762f6999b0c43505981a0c56f3c38a67c","ea8d71b9e86f670782fff8e23ca702e680294db2a71b4727bfb505b3a01abf2c",64.275496,,,,0,1,False,False,,"host-final-output","126.log"
127,"23_old_wpms_160","shiftdesign_wt-limits-10-10_data-3_inst-002_30m.sm-extracted_old.wcnf","Host-NuWLS","NuWLS",False,1,60,,,"fecf20cdf3f06b73172dace756c4441762f6999b0c43505981a0c56f3c38a67c","ea8d71b9e86f670782fff8e23ca702e680294db2a71b4727bfb505b3a01abf2c",60.891493,,,,0,1,False,False,,"host-final-output","127.log"
128,"23_old_wpms_160","shiftdesign_wt-limits-10-10_data-3_inst-003_30m.sm-extracted_old.wcnf","Host-NuWLS","NuWLS",False,1,60,,,"fecf20cdf3f06b73172dace756c4441762f6999b0c43505981a0c56f3c38a67c","ea8d71b9e86f670782fff8e23ca702e680294db2a71b4727bfb505b3a01abf2c",60.467133,,,,0,1,False,False,,"host-final-output","128.log"
129,"23_old_wpms_160","shiftdesign_wt-limits-10-10_data-4_inst-003_60m.sm-extracted_old.wcnf","Host-NuWLS","NuWLS",False,1,60,,,"fecf20cdf3f06b73172dace756c4441762f6999b0c43505981a0c56f3c38a67c","ea8d71b9e86f670782fff8e23ca702e680294db2a71b4727bfb505b3a01abf2c",60.731715,,,,0,1,False,False,,"host-final-output","129.log"
130,"23_old_wpms_160","spot5_wt-1401.wcsp.log_old.wcnf","Host-NuWLS","NuWLS",False,1,60,,,"fecf20cdf3f06b73172dace756c4441762f6999b0c43505981a0c56f3c38a67c","ea8d71b9e86f670782fff8e23ca702e680294db2a71b4727bfb505b3a01abf2c",60.004625,,0.0569957,0.470818,0,0,False,True,459106,"host-final-output","130.log"
131,"23_old_wpms_160","spot5_wt-1403.wcsp.dir_old.wcnf","Host-NuWLS","NuWLS",False,1,60,,,"fecf20cdf3f06b73172dace756c4441762f6999b0c43505981a0c56f3c38a67c","ea8d71b9e86f670782fff8e23ca702e680294db2a71b4727bfb505b3a01abf2c",60.090515,,0.18625,1.07245,0,0,False,True,459247,"host-final-output","131.log"
132,"23_old_wpms_160","spot5_wt-1403.wcsp.log_old.wcnf","Host-NuWLS","NuWLS",False,1,60,,,"fecf20cdf3f06b73172dace756c4441762f6999b0c43505981a0c56f3c38a67c","ea8d71b9e86f670782fff8e23ca702e680294db2a71b4727bfb505b3a01abf2c",60.004518,,0.491606,19.1812,0,0,False,True,459246,"host-final-output","132.log"
133,"23_old_wpms_160","spot5_wt-1405.wcsp.dir_old.wcnf","Host-NuWLS","NuWLS",False,1,60,,,"fecf20cdf3f06b73172dace756c4441762f6999b0c43505981a0c56f3c38a67c","ea8d71b9e86f670782fff8e23ca702e680294db2a71b4727bfb505b3a01abf2c",60.004610,,0.404656,38.6052,0,0,False,True,459419,"host-final-output","133.log"
134,"23_old_wpms_160","spot5_wt-1506.wcsp.log_old.wcnf","Host-NuWLS","NuWLS",False,1,60,,,"fecf20cdf3f06b73172dace756c4441762f6999b0c43505981a0c56f3c38a67c","ea8d71b9e86f670782fff8e23ca702e680294db2a71b4727bfb505b3a01abf2c",60.004717,,0.800208,34.245,0,0,False,True,354524,"host-final-output","134.log"
135,"23_old_wpms_160","spot5_wt-5.wcsp.log_old.wcnf","Host-NuWLS","NuWLS",False,1,60,,,"fecf20cdf3f06b73172dace756c4441762f6999b0c43505981a0c56f3c38a67c","ea8d71b9e86f670782fff8e23ca702e680294db2a71b4727bfb505b3a01abf2c",60.004538,,0.290107,0.523397,0,0,False,True,261,"host-final-output","135.log"
136,"23_old_wpms_160","staff-scheduling_wt-instance10_old.wcnf","Host-NuWLS","NuWLS",False,1,60,,,"fecf20cdf3f06b73172dace756c4441762f6999b0c43505981a0c56f3c38a67c","ea8d71b9e86f670782fff8e23ca702e680294db2a71b4727bfb505b3a01abf2c",60.091784,,2.21264,58.388,0,0,False,True,6550,"host-final-output","136.log"
137,"23_old_wpms_160","staff-scheduling_wt-instance11_old.wcnf","Host-NuWLS","NuWLS",False,1,60,,,"fecf20cdf3f06b73172dace756c4441762f6999b0c43505981a0c56f3c38a67c","ea8d71b9e86f670782fff8e23ca702e680294db2a71b4727bfb505b3a01abf2c",60.051229,,0.67277,23.7661,0,0,False,True,3653,"host-final-output","137.log"
138,"23_old_wpms_160","staff-scheduling_wt-instance12_old.wcnf","Host-NuWLS","NuWLS",False,1,60,,,"fecf20cdf3f06b73172dace756c4441762f6999b0c43505981a0c56f3c38a67c","ea8d71b9e86f670782fff8e23ca702e680294db2a71b4727bfb505b3a01abf2c",60.089998,,1.68381,58.4336,0,0,False,True,7138,"host-final-output","138.log"
139,"23_old_wpms_160","staff-scheduling_wt-instance2_old.wcnf","Host-NuWLS","NuWLS",False,1,60,,,"fecf20cdf3f06b73172dace756c4441762f6999b0c43505981a0c56f3c38a67c","ea8d71b9e86f670782fff8e23ca702e680294db2a71b4727bfb505b3a01abf2c",60.004558,,0.0190913,3.64037,0,0,False,True,838,"host-final-output","139.log"
140,"23_old_wpms_160","staff-scheduling_wt-instance3_old.wcnf","Host-NuWLS","NuWLS",False,1,60,,,"fecf20cdf3f06b73172dace756c4441762f6999b0c43505981a0c56f3c38a67c","ea8d71b9e86f670782fff8e23ca702e680294db2a71b4727bfb505b3a01abf2c",60.006274,,0.0397178,15.5957,0,0,False,True,1026,"host-final-output","140.log"
141,"23_old_wpms_160","staff-scheduling_wt-instance4_old.wcnf","Host-NuWLS","NuWLS",False,1,60,,,"fecf20cdf3f06b73172dace756c4441762f6999b0c43505981a0c56f3c38a67c","ea8d71b9e86f670782fff8e23ca702e680294db2a71b4727bfb505b3a01abf2c",60.004960,,0.0230035,42.2279,0,0,False,True,1740,"host-final-output","141.log"
142,"23_old_wpms_160","staff-scheduling_wt-instance5_old.wcnf","Host-NuWLS","NuWLS",False,1,60,,,"fecf20cdf3f06b73172dace756c4441762f6999b0c43505981a0c56f3c38a67c","ea8d71b9e86f670782fff8e23ca702e680294db2a71b4727bfb505b3a01abf2c",60.007472,,0.0541059,25.8683,0,0,False,True,1287,"host-final-output","142.log"
143,"23_old_wpms_160","staff-scheduling_wt-instance6_old.wcnf","Host-NuWLS","NuWLS",False,1,60,,,"fecf20cdf3f06b73172dace756c4441762f6999b0c43505981a0c56f3c38a67c","ea8d71b9e86f670782fff8e23ca702e680294db2a71b4727bfb505b3a01abf2c",60.008196,,0.0708429,10.7592,0,0,False,True,2081,"host-final-output","143.log"
144,"23_old_wpms_160","staff-scheduling_wt-instance7_old.wcnf","Host-NuWLS","NuWLS",False,1,60,,,"fecf20cdf3f06b73172dace756c4441762f6999b0c43505981a0c56f3c38a67c","ea8d71b9e86f670782fff8e23ca702e680294db2a71b4727bfb505b3a01abf2c",60.009867,,0.102017,46.764,0,0,False,True,1178,"host-final-output","144.log"
145,"23_old_wpms_160","staff-scheduling_wt-instance8_old.wcnf","Host-NuWLS","NuWLS",False,1,60,,,"fecf20cdf3f06b73172dace756c4441762f6999b0c43505981a0c56f3c38a67c","ea8d71b9e86f670782fff8e23ca702e680294db2a71b4727bfb505b3a01abf2c",60.019025,,0.28588,18.5495,0,0,False,True,2848,"host-final-output","145.log"
146,"23_old_wpms_160","staff-scheduling_wt-instance9_old.wcnf","Host-NuWLS","NuWLS",False,1,60,,,"fecf20cdf3f06b73172dace756c4441762f6999b0c43505981a0c56f3c38a67c","ea8d71b9e86f670782fff8e23ca702e680294db2a71b4727bfb505b3a01abf2c",60.059687,,1.53635,59.7984,0,0,False,True,2142,"host-final-output","146.log"
147,"23_old_wpms_160","switchingactivitymaximization-SwitchingActivityMaximization_OpenRISC1200_100_old.wcnf","Host-NuWLS","NuWLS",False,1,60,,,"fecf20cdf3f06b73172dace756c4441762f6999b0c43505981a0c56f3c38a67c","ea8d71b9e86f670782fff8e23ca702e680294db2a71b4727bfb505b3a01abf2c",60.046767,,,,0,1,False,False,,"host-final-output","147.log"
148,"23_old_wpms_160","switchingactivitymaximization-SwitchingActivityMaximization_OpenRISC1200_150_old.wcnf","Host-NuWLS","NuWLS",False,1,60,,,"fecf20cdf3f06b73172dace756c4441762f6999b0c43505981a0c56f3c38a67c","ea8d71b9e86f670782fff8e23ca702e680294db2a71b4727bfb505b3a01abf2c",60.048661,,,,0,1,False,False,,"host-final-output","148.log"
149,"23_old_wpms_160","switchingactivitymaximization-SwitchingActivityMaximization_OpenRISC1200_200_old.wcnf","Host-NuWLS","NuWLS",False,1,60,,,"fecf20cdf3f06b73172dace756c4441762f6999b0c43505981a0c56f3c38a67c","ea8d71b9e86f670782fff8e23ca702e680294db2a71b4727bfb505b3a01abf2c",60.047974,,,,0,1,False,False,,"host-final-output","149.log"
150,"23_old_wpms_160","switchingactivitymaximization-SwitchingActivityMaximization_OpenRISC1200_66_old.wcnf","Host-NuWLS","NuWLS",False,1,60,,,"fecf20cdf3f06b73172dace756c4441762f6999b0c43505981a0c56f3c38a67c","ea8d71b9e86f670782fff8e23ca702e680294db2a71b4727bfb505b3a01abf2c",60.047915,,,,0,1,False,False,,"host-final-output","150.log"
151,"23_old_wpms_160","switchingactivitymaximization-SwitchingActivityMaximization_OpenRISC1200_68_old.wcnf","Host-NuWLS","NuWLS",False,1,60,,,"fecf20cdf3f06b73172dace756c4441762f6999b0c43505981a0c56f3c38a67c","ea8d71b9e86f670782fff8e23ca702e680294db2a71b4727bfb505b3a01abf2c",60.047958,,,,0,1,False,False,,"host-final-output","151.log"
152,"23_old_wpms_160","switchingactivitymaximization-SwitchingActivityMaximization_OpenRISC1200_70_old.wcnf","Host-NuWLS","NuWLS",False,1,60,,,"fecf20cdf3f06b73172dace756c4441762f6999b0c43505981a0c56f3c38a67c","ea8d71b9e86f670782fff8e23ca702e680294db2a71b4727bfb505b3a01abf2c",60.047851,,,,0,1,False,False,,"host-final-output","152.log"
153,"23_old_wpms_160","switchingactivitymaximization-SwitchingActivityMaximization_OpenRISC1200_72_old.wcnf","Host-NuWLS","NuWLS",False,1,60,,,"fecf20cdf3f06b73172dace756c4441762f6999b0c43505981a0c56f3c38a67c","ea8d71b9e86f670782fff8e23ca702e680294db2a71b4727bfb505b3a01abf2c",60.069557,,,,0,1,False,False,,"host-final-output","153.log"
154,"23_old_wpms_160","switchingactivitymaximization-SwitchingActivityMaximization_OpenRISC1200_80_old.wcnf","Host-NuWLS","NuWLS",False,1,60,,,"fecf20cdf3f06b73172dace756c4441762f6999b0c43505981a0c56f3c38a67c","ea8d71b9e86f670782fff8e23ca702e680294db2a71b4727bfb505b3a01abf2c",60.048028,,,,0,1,False,False,,"host-final-output","154.log"
155,"23_old_wpms_160","switchingactivitymaximization-SwitchingActivityMaximization_OpenRISC1200_90_old.wcnf","Host-NuWLS","NuWLS",False,1,60,,,"fecf20cdf3f06b73172dace756c4441762f6999b0c43505981a0c56f3c38a67c","ea8d71b9e86f670782fff8e23ca702e680294db2a71b4727bfb505b3a01abf2c",60.048839,,,,0,1,False,False,,"host-final-output","155.log"
156,"23_old_wpms_160","tcp_wt-tcp_students_112_it_2_old.wcnf","Host-NuWLS","NuWLS",False,1,60,,,"fecf20cdf3f06b73172dace756c4441762f6999b0c43505981a0c56f3c38a67c","ea8d71b9e86f670782fff8e23ca702e680294db2a71b4727bfb505b3a01abf2c",60.024626,,0.174518,44.0326,0,0,False,True,3699,"host-final-output","156.log"
157,"23_old_wpms_160","timetabling_wt-comp02_old.wcnf","Host-NuWLS","NuWLS",False,1,60,,,"fecf20cdf3f06b73172dace756c4441762f6999b0c43505981a0c56f3c38a67c","ea8d71b9e86f670782fff8e23ca702e680294db2a71b4727bfb505b3a01abf2c",60.024361,,0.504577,7.9037,0,0,False,True,136,"host-final-output","157.log"
158,"23_old_wpms_160","timetabling_wt-comp09_old.wcnf","Host-NuWLS","NuWLS",False,1,60,,,"fecf20cdf3f06b73172dace756c4441762f6999b0c43505981a0c56f3c38a67c","ea8d71b9e86f670782fff8e23ca702e680294db2a71b4727bfb505b3a01abf2c",60.025301,,0.443086,26.2456,0,0,False,True,135,"host-final-output","158.log"
159,"23_old_wpms_160","timetabling_wt-comp12_old.wcnf","Host-NuWLS","NuWLS",False,1,60,,,"fecf20cdf3f06b73172dace756c4441762f6999b0c43505981a0c56f3c38a67c","ea8d71b9e86f670782fff8e23ca702e680294db2a71b4727bfb505b3a01abf2c",60.019942,,0.378638,59.5934,0,0,False,True,555,"host-final-output","159.log"
160,"23_old_wpms_160","timetabling_wt-dds4_old.wcnf","Host-NuWLS","NuWLS",False,1,60,,,"fecf20cdf3f06b73172dace756c4441762f6999b0c43505981a0c56f3c38a67c","ea8d71b9e86f670782fff8e23ca702e680294db2a71b4727bfb505b3a01abf2c",62.188742,,,,0,1,False,False,,"host-final-output","160.log"
