Index,Mode,Set,Instance,Seed,CutoffSeconds,SolverSHA256,ExternalSeconds,FirstFeasibleTimeSeconds,PaperTableTimeSeconds,SolverExitCode,VerifierExitCode,EarlyExit,HasVerifiedSolution,BestCost,Log
1,"Y11","23_old_wpms_160","abstraction-refinement_wt-downcast-antlr_old.wcnf",1,60,"23e22c484f6e0bc100d10dad2613f924c9ecbf0f081098cd2151794205b2c66d",67.419909,,,255,1,False,False,,"001.log"
2,"Y11","23_old_wpms_160","abstraction-refinement_wt-downcast-avrora_old.wcnf",1,60,"23e22c484f6e0bc100d10dad2613f924c9ecbf0f081098cd2151794205b2c66d",62.516207,60.893369,60.893369,0,0,False,True,52209,"002.log"
3,"Y11","23_old_wpms_160","abstraction-refinement_wt-downcast-hsqldb_old.wcnf",1,60,"23e22c484f6e0bc100d10dad2613f924c9ecbf0f081098cd2151794205b2c66d",63.409131,,,255,1,False,False,,"003.log"
4,"Y11","23_old_wpms_160","abstraction-refinement_wt-downcast-pmd_old.wcnf",1,60,"23e22c484f6e0bc100d10dad2613f924c9ecbf0f081098cd2151794205b2c66d",63.426455,,,255,1,False,False,,"004.log"
5,"Y11","23_old_wpms_160","abstraction-refinement_wt-downcast-xalan_old.wcnf",1,60,"23e22c484f6e0bc100d10dad2613f924c9ecbf0f081098cd2151794205b2c66d",67.124893,,,255,1,False,False,,"005.log"
6,"Y11","23_old_wpms_160","abstraction-refinement_wt-polysite-avrora_old.wcnf",1,60,"23e22c484f6e0bc100d10dad2613f924c9ecbf0f081098cd2151794205b2c66d",62.415640,60.955386,60.955386,0,0,False,True,57355,"006.log"
7,"Y11","23_old_wpms_160","abstraction-refinement_wt-polysite-bloat_old.wcnf",1,60,"23e22c484f6e0bc100d10dad2613f924c9ecbf0f081098cd2151794205b2c66d",63.257862,,,255,1,False,False,,"007.log"
8,"Y11","23_old_wpms_160","abstraction-refinement_wt-polysite-hsqldb_old.wcnf",1,60,"23e22c484f6e0bc100d10dad2613f924c9ecbf0f081098cd2151794205b2c66d",62.670114,,,255,1,False,False,,"008.log"
9,"Y11","23_old_wpms_160","abstraction-refinement_wt-polysite-pmd_old.wcnf",1,60,"23e22c484f6e0bc100d10dad2613f924c9ecbf0f081098cd2151794205b2c66d",68.008138,,,255,1,False,False,,"009.log"
10,"Y11","23_old_wpms_160","abstraction-refinement_wt-polysite-xalan_old.wcnf",1,60,"23e22c484f6e0bc100d10dad2613f924c9ecbf0f081098cd2151794205b2c66d",67.410232,,,255,1,False,False,,"010.log"
11,"Y11","23_old_wpms_160","causal-discovery_wt-causal_alarm_9_1000_old.wcnf",1,60,"23e22c484f6e0bc100d10dad2613f924c9ecbf0f081098cd2151794205b2c66d",60.134489,7.975850,17.220548,0,0,False,True,36049513,"011.log"
12,"Y11","23_old_wpms_160","causal-discovery_wt-causal_carpo_8_1000_old.wcnf",1,60,"23e22c484f6e0bc100d10dad2613f924c9ecbf0f081098cd2151794205b2c66d",60.047262,2.963737,6.888139,0,0,False,True,3556961,"012.log"
13,"Y11","23_old_wpms_160","causal-discovery_wt-causal_Link_10_10000_old.wcnf",1,60,"23e22c484f6e0bc100d10dad2613f924c9ecbf0f081098cd2151794205b2c66d",60.496156,21.259682,32.886932,0,0,False,True,39112847,"013.log"
14,"Y11","23_old_wpms_160","causal-discovery_wt-causal_Link_10_1000_old.wcnf",1,60,"23e22c484f6e0bc100d10dad2613f924c9ecbf0f081098cd2151794205b2c66d",60.315152,21.279151,48.578431,0,0,False,True,33562494,"014.log"
15,"Y11","23_old_wpms_160","causal-discovery_wt-causal_Link_9_100_old.wcnf",1,60,"23e22c484f6e0bc100d10dad2613f924c9ecbf0f081098cd2151794205b2c66d",60.111145,7.239752,7.239752,0,0,False,True,3242187,"015.log"
16,"Y11","23_old_wpms_160","causal-discovery_wt-causal_Mushroom_7_1000_old.wcnf",1,60,"23e22c484f6e0bc100d10dad2613f924c9ecbf0f081098cd2151794205b2c66d",60.025479,0.928203,19.406927,0,0,False,True,9414169,"016.log"
17,"Y11","23_old_wpms_160","causal-discovery_wt-causal_Pigs_6_1000_old.wcnf",1,60,"23e22c484f6e0bc100d10dad2613f924c9ecbf0f081098cd2151794205b2c66d",60.051212,2.559420,2.559420,0,0,False,True,35110976,"017.log"
18,"Y11","23_old_wpms_160","causal-discovery_wt-causal_Water_10_1000_old.wcnf",1,60,"23e22c484f6e0bc100d10dad2613f924c9ecbf0f081098cd2151794205b2c66d",60.258601,20.026253,28.652303,0,0,False,True,45193159,"018.log"
19,"Y11","23_old_wpms_160","correlation-clustering_wt-Rounded_CorrelationClustering_Ionosphere_BINARY_N260_D0.200_old.wcnf",1,60,"23e22c484f6e0bc100d10dad2613f924c9ecbf0f081098cd2151794205b2c66d",60.040052,2.617589,10.344157,0,0,False,True,7014701,"019.log"
20,"Y11","23_old_wpms_160","correlation-clustering_wt-Rounded_CorrelationClustering_Protein1_UNARY_N290_old.wcnf",1,60,"23e22c484f6e0bc100d10dad2613f924c9ecbf0f081098cd2151794205b2c66d",60.690368,21.587156,21.587156,0,0,False,True,33957845,"020.log"
21,"Y11","23_old_wpms_160","correlation-clustering_wt-Rounded_CorrelationClustering_Protein2_BINARY_N220_old.wcnf",1,60,"23e22c484f6e0bc100d10dad2613f924c9ecbf0f081098cd2151794205b2c66d",60.024452,0.933690,9.494122,0,0,False,True,14004102,"021.log"
22,"Y11","23_old_wpms_160","correlation-clustering_wt-Rounded_CorrelationClustering_Protein2_BINARY_N240_old.wcnf",1,60,"23e22c484f6e0bc100d10dad2613f924c9ecbf0f081098cd2151794205b2c66d",60.022142,1.066687,9.583999,0,0,False,True,16116883,"022.log"
23,"Y11","23_old_wpms_160","correlation-clustering_wt-Rounded_CorrelationClustering_Protein2_BINARY_N380_old.wcnf",1,60,"23e22c484f6e0bc100d10dad2613f924c9ecbf0f081098cd2151794205b2c66d",60.030091,2.778649,14.732946,0,0,False,True,39752461,"023.log"
24,"Y11","23_old_wpms_160","correlation-clustering_wt-Rounded_CorrelationClustering_Protein2_UNARY_N220_old.wcnf",1,60,"23e22c484f6e0bc100d10dad2613f924c9ecbf0f081098cd2151794205b2c66d",60.198329,11.811943,11.811943,0,0,False,True,23179718,"024.log"
25,"Y11","23_old_wpms_160","correlation-clustering_wt-Rounded_CorrelationClustering_Protein3_TRANSITIVE_N280_old.wcnf",1,60,"23e22c484f6e0bc100d10dad2613f924c9ecbf0f081098cd2151794205b2c66d",62.195188,61.904557,61.904557,0,0,False,True,198654734,"025.log"
26,"Y11","23_old_wpms_160","correlation-clustering_wt-Rounded_CorrelationClustering_Protein3_UNARY_N220_old.wcnf",1,60,"23e22c484f6e0bc100d10dad2613f924c9ecbf0f081098cd2151794205b2c66d",60.195222,11.578223,11.578223,0,0,False,True,25805511,"026.log"
27,"Y11","23_old_wpms_160","correlation-clustering_wt-Rounded_CorrelationClustering_Protein4_BINARY_N320_old.wcnf",1,60,"23e22c484f6e0bc100d10dad2613f924c9ecbf0f081098cd2151794205b2c66d",60.025331,1.135249,9.079559,0,0,False,True,14733167,"027.log"
28,"Y11","23_old_wpms_160","correlation-clustering_wt-Rounded_CorrelationClustering_Protein4_UNARY_N250_old.wcnf",1,60,"23e22c484f6e0bc100d10dad2613f924c9ecbf0f081098cd2151794205b2c66d",60.178215,10.677093,10.677093,0,0,False,True,20419164,"028.log"
29,"Y11","23_old_wpms_160","correlation-clustering_wt-Rounded_CorrelationClustering_Vowel_BINARY_N700_D0.200_old.wcnf",1,60,"23e22c484f6e0bc100d10dad2613f924c9ecbf0f081098cd2151794205b2c66d",60.191978,11.541144,11.541144,0,0,False,True,822078090,"029.log"
30,"Y11","23_old_wpms_160","correlation-clustering_wt-Rounded_CorrelationClustering_Vowel_BINARY_N800_D0.200_old.wcnf",1,60,"23e22c484f6e0bc100d10dad2613f924c9ecbf0f081098cd2151794205b2c66d",60.235064,16.030700,16.030700,0,0,False,True,1169882030,"030.log"
31,"Y11","23_old_wpms_160","decision-tree-anneal-un-formula_0.8_2021_atleast_31_max-4_reduced_incomplete_adaboost_3_old.wcnf",1,60,"23e22c484f6e0bc100d10dad2613f924c9ecbf0f081098cd2151794205b2c66d",60.057194,4.218538,5.815948,0,0,False,True,355,"031.log"
32,"Y11","23_old_wpms_160","decision-tree-anneal-un-formula_0.8_2021_atleast_31_max-4_reduced_incomplete_adaboost_5_old.wcnf",1,60,"23e22c484f6e0bc100d10dad2613f924c9ecbf0f081098cd2151794205b2c66d",60.132935,4.195657,11.181227,0,0,False,True,762,"032.log"
33,"Y11","23_old_wpms_160","decision-tree-australian-credit-un-formula_0.8_2021_atleast_31_max-4_reduced_incomplete_adaboost_5_old.wcnf",1,60,"23e22c484f6e0bc100d10dad2613f924c9ecbf0f081098cd2151794205b2c66d",60.063329,3.801705,3.801705,0,0,False,True,599,"033.log"
34,"Y11","23_old_wpms_160","decision-tree-heart-cleveland-un-formula_0.8_2021_atleast_127_max-6_reduced_incomplete_adaboost_2_old.wcnf",1,60,"23e22c484f6e0bc100d10dad2613f924c9ecbf0f081098cd2151794205b2c66d",60.393734,42.070673,42.070673,0,0,False,True,139,"034.log"
35,"Y11","23_old_wpms_160","decision-tree-heart-cleveland-un-formula_0.8_2021_atleast_15_max-3_reduced_incomplete_adaboost_4_old.wcnf",1,60,"23e22c484f6e0bc100d10dad2613f924c9ecbf0f081098cd2151794205b2c66d",60.028660,0.990598,1.178363,0,0,False,True,138,"035.log"
36,"Y11","23_old_wpms_160","decision-tree-heart-cleveland-un-formula_0.8_2021_atleast_31_max-4_reduced_incomplete_adaboost_4_old.wcnf",1,60,"23e22c484f6e0bc100d10dad2613f924c9ecbf0f081098cd2151794205b2c66d",60.049919,3.323371,3.621952,0,0,False,True,146,"036.log"
37,"Y11","23_old_wpms_160","decision-tree-heart-cleveland-un-formula_0.8_2021_atleast_31_max-4_reduced_incomplete_adaboost_6_old.wcnf",1,60,"23e22c484f6e0bc100d10dad2613f924c9ecbf0f081098cd2151794205b2c66d",60.044045,3.301962,4.005626,0,0,False,True,240,"037.log"
38,"Y11","23_old_wpms_160","decision-tree-primary-tumor-un-formula_0.8_2021_atleast_127_max-6_reduced_incomplete_adaboost_2_old.wcnf",1,60,"23e22c484f6e0bc100d10dad2613f924c9ecbf0f081098cd2151794205b2c66d",60.158804,16.775547,29.687107,0,0,False,True,120,"038.log"
39,"Y11","23_old_wpms_160","decision-tree-primary-tumor-un-formula_0.8_2021_atleast_127_max-6_reduced_incomplete_adaboost_4_old.wcnf",1,60,"23e22c484f6e0bc100d10dad2613f924c9ecbf0f081098cd2151794205b2c66d",60.256886,15.242616,15.242616,0,0,False,True,269,"039.log"
40,"Y11","23_old_wpms_160","decision-tree-primary-tumor-un-formula_0.8_2021_atleast_15_max-3_reduced_incomplete_adaboost_2_old.wcnf",1,60,"23e22c484f6e0bc100d10dad2613f924c9ecbf0f081098cd2151794205b2c66d",60.015085,0.400265,5.039449,0,0,False,True,84,"040.log"
41,"Y11","23_old_wpms_160","decision-tree-primary-tumor-un-formula_0.8_2021_atleast_31_max-4_reduced_incomplete_adaboost_4_old.wcnf",1,60,"23e22c484f6e0bc100d10dad2613f924c9ecbf0f081098cd2151794205b2c66d",60.025850,1.271927,5.125484,0,0,False,True,155,"041.log"
42,"Y11","23_old_wpms_160","decision-tree-primary-tumor-un-formula_0.8_2021_atleast_63_max-5_reduced_incomplete_adaboost_6_old.wcnf",1,60,"23e22c484f6e0bc100d10dad2613f924c9ecbf0f081098cd2151794205b2c66d",60.060727,3.958863,3.958863,0,0,False,True,396,"042.log"
43,"Y11","23_old_wpms_160","decision-tree-tic-tac-toe-un-formula_0.8_2021_atleast_15_max-3_reduced_incomplete_adaboost_2_old.wcnf",1,60,"23e22c484f6e0bc100d10dad2613f924c9ecbf0f081098cd2151794205b2c66d",60.021891,0.667201,0.814127,0,0,False,True,335,"043.log"
44,"Y11","23_old_wpms_160","decision-tree-tic-tac-toe-un-formula_0.8_2021_atleast_15_max-3_reduced_incomplete_adaboost_3_old.wcnf",1,60,"23e22c484f6e0bc100d10dad2613f924c9ecbf0f081098cd2151794205b2c66d",60.022606,0.696458,0.773687,0,0,False,True,443,"044.log"
45,"Y11","23_old_wpms_160","decision-tree-tic-tac-toe-un-formula_0.8_2021_atleast_31_max-4_reduced_incomplete_adaboost_2_old.wcnf",1,60,"23e22c484f6e0bc100d10dad2613f924c9ecbf0f081098cd2151794205b2c66d",60.053292,1.659256,1.659256,0,0,False,True,286,"045.log"
46,"Y11","23_old_wpms_160","drmx-cryptogen_wt-geffe128_7_old.wcnf",1,60,"23e22c484f6e0bc100d10dad2613f924c9ecbf0f081098cd2151794205b2c66d",60.008645,0.057132,30.136025,0,0,False,True,811,"046.log"
47,"Y11","23_old_wpms_160","generalized-ising_wt-IS11_5.0.5.0.0.5_softer_periodic_old.wcnf",1,60,"23e22c484f6e0bc100d10dad2613f924c9ecbf0f081098cd2151794205b2c66d",60.031693,0.371516,1.000432,0,0,False,True,112229069992697,"047.log"
48,"Y11","23_old_wpms_160","generalized-ising_wt-IS12_5.0.5.0.0.5_softer_periodic_old.wcnf",1,60,"23e22c484f6e0bc100d10dad2613f924c9ecbf0f081098cd2151794205b2c66d",60.031896,0.372106,0.379496,0,0,False,True,113171466486232,"048.log"
49,"Y11","23_old_wpms_160","generalized-ising_wt-IS13_5.0.5.0.0.5_softer_periodic_old.wcnf",1,60,"23e22c484f6e0bc100d10dad2613f924c9ecbf0f081098cd2151794205b2c66d",60.042122,0.370470,0.374086,0,0,False,True,119401387482250,"049.log"
50,"Y11","23_old_wpms_160","generalized-ising_wt-IS15_5.0.5.0.0.5_softer_periodic_old.wcnf",1,60,"23e22c484f6e0bc100d10dad2613f924c9ecbf0f081098cd2151794205b2c66d",60.025307,0.374848,0.380326,0,0,False,True,114658059944605,"050.log"
51,"Y11","23_old_wpms_160","generalized-ising_wt-IS16_5.0.5.0.0.5_softer_periodic_old.wcnf",1,60,"23e22c484f6e0bc100d10dad2613f924c9ecbf0f081098cd2151794205b2c66d",60.014609,0.373579,6.501583,0,0,False,True,115258059944605,"051.log"
52,"Y11","23_old_wpms_160","generalized-ising_wt-IS17_5.0.5.0.0.5_softer_periodic_old.wcnf",1,60,"23e22c484f6e0bc100d10dad2613f924c9ecbf0f081098cd2151794205b2c66d",60.077700,0.378134,15.101162,0,0,False,True,115902780531937,"052.log"
53,"Y11","23_old_wpms_160","generalized-ising_wt-IS20_5.0.5.0.0.5_softer_periodic_old.wcnf",1,60,"23e22c484f6e0bc100d10dad2613f924c9ecbf0f081098cd2151794205b2c66d",60.036355,0.375850,0.417248,0,0,False,True,119388436533623,"053.log"
54,"Y11","23_old_wpms_160","generalized-ising_wt-IS22_5.0.5.0.0.5_softer_periodic_old.wcnf",1,60,"23e22c484f6e0bc100d10dad2613f924c9ecbf0f081098cd2151794205b2c66d",60.025947,0.380157,0.392548,0,0,False,True,119112776308211,"054.log"
55,"Y11","23_old_wpms_160","generalized-ising_wt-IS23_5.0.5.0.0.5_softer_periodic_old.wcnf",1,60,"23e22c484f6e0bc100d10dad2613f924c9ecbf0f081098cd2151794205b2c66d",60.037835,0.372081,0.433060,0,0,False,True,118663520151734,"055.log"
56,"Y11","23_old_wpms_160","generalized-ising_wt-IS3_5.0.5.0.0.5_softer_periodic_old.wcnf",1,60,"23e22c484f6e0bc100d10dad2613f924c9ecbf0f081098cd2151794205b2c66d",60.030792,0.373936,6.920106,0,0,False,True,116804575996363,"056.log"
57,"Y11","23_old_wpms_160","generalized-ising_wt-IS4_5.0.5.0.0.5_softer_periodic_old.wcnf",1,60,"23e22c484f6e0bc100d10dad2613f924c9ecbf0f081098cd2151794205b2c66d",60.031658,0.382158,0.421554,0,0,False,True,115857504490177,"057.log"
58,"Y11","23_old_wpms_160","generalized-ising_wt-IS5_5.0.5.0.0.5_softer_periodic_old.wcnf",1,60,"23e22c484f6e0bc100d10dad2613f924c9ecbf0f081098cd2151794205b2c66d",60.021236,0.371059,0.870242,0,0,False,True,114843630201223,"058.log"
59,"Y11","23_old_wpms_160","generalized-ising_wt-IS6_5.0.5.0.0.5_softer_periodic_old.wcnf",1,60,"23e22c484f6e0bc100d10dad2613f924c9ecbf0f081098cd2151794205b2c66d",60.029030,0.406041,0.480234,0,0,False,True,113797656078091,"059.log"
60,"Y11","23_old_wpms_160","generalized-ising_wt-IS7_5.0.5.0.0.5_softer_periodic_old.wcnf",1,60,"23e22c484f6e0bc100d10dad2613f924c9ecbf0f081098cd2151794205b2c66d",60.031551,0.374478,0.407417,0,0,False,True,112706601923009,"060.log"
61,"Y11","23_old_wpms_160","generalized-ising_wt-IS9_5.0.5.0.0.5_softer_periodic_old.wcnf",1,60,"23e22c484f6e0bc100d10dad2613f924c9ecbf0f081098cd2151794205b2c66d",60.016174,0.375607,0.414099,0,0,False,True,110066981524169,"061.log"
62,"Y11","23_old_wpms_160","hs-timetabling_wt-BrazilInstance1.xml_old.wcnf",1,60,"23e22c484f6e0bc100d10dad2613f924c9ecbf0f081098cd2151794205b2c66d",60.010794,0.235409,43.843032,0,0,False,True,117,"062.log"
63,"Y11","23_old_wpms_160","hs-timetabling_wt-BrazilInstance2.xml_old.wcnf",1,60,"23e22c484f6e0bc100d10dad2613f924c9ecbf0f081098cd2151794205b2c66d",60.016894,0.583628,53.087819,0,0,False,True,149,"063.log"
64,"Y11","23_old_wpms_160","hs-timetabling_wt-BrazilInstance4.xml_old.wcnf",1,60,"23e22c484f6e0bc100d10dad2613f924c9ecbf0f081098cd2151794205b2c66d",60.020695,2.354423,2.354423,0,0,False,True,267,"064.log"
65,"Y11","23_old_wpms_160","hs-timetabling_wt-BrazilInstance5.xml_old.wcnf",1,60,"23e22c484f6e0bc100d10dad2613f924c9ecbf0f081098cd2151794205b2c66d",60.018092,1.364387,30.853334,0,0,False,True,490,"065.log"
66,"Y11","23_old_wpms_160","hs-timetabling_wt-BrazilInstance6.xml_old.wcnf",1,60,"23e22c484f6e0bc100d10dad2613f924c9ecbf0f081098cd2151794205b2c66d",60.016966,1.692253,58.198653,0,0,False,True,546,"066.log"
67,"Y11","23_old_wpms_160","hs-timetabling_wt-BrazilInstance7.xml_old.wcnf",1,60,"23e22c484f6e0bc100d10dad2613f924c9ecbf0f081098cd2151794205b2c66d",60.021860,2.346981,53.477621,0,0,False,True,889,"067.log"
68,"Y11","23_old_wpms_160","hs-timetabling_wt-FinlandSecondarySchool.xml_old.wcnf",1,60,"23e22c484f6e0bc100d10dad2613f924c9ecbf0f081098cd2151794205b2c66d",60.041526,4.711160,4.711160,0,0,False,True,817,"068.log"
69,"Y11","23_old_wpms_160","hs-timetabling_wt-ItalyInstance4.xml_old.wcnf",1,60,"23e22c484f6e0bc100d10dad2613f924c9ecbf0f081098cd2151794205b2c66d",60.073101,17.886312,28.554612,0,0,False,True,12143,"069.log"
70,"Y11","23_old_wpms_160","judgment-aggregation-ja-kemeny-preflib-00049-00000300_old.wcnf",1,60,"23e22c484f6e0bc100d10dad2613f924c9ecbf0f081098cd2151794205b2c66d",60.034760,1.767440,46.377237,0,0,False,True,793,"070.log"
71,"Y11","23_old_wpms_160","judgment-aggregation-ja-kemeny-preflib-00049-00000334_old.wcnf",1,60,"23e22c484f6e0bc100d10dad2613f924c9ecbf0f081098cd2151794205b2c66d",60.023425,0.904657,54.685768,0,0,False,True,612,"071.log"
72,"Y11","23_old_wpms_160","judgment-aggregation-ja-kemeny-preflib-00049-00000451_old.wcnf",1,60,"23e22c484f6e0bc100d10dad2613f924c9ecbf0f081098cd2151794205b2c66d",60.062222,6.534122,47.017052,0,0,False,True,1022,"072.log"
73,"Y11","23_old_wpms_160","judgment-aggregation-ja-kemeny-preflib-00049-00000454_old.wcnf",1,60,"23e22c484f6e0bc100d10dad2613f924c9ecbf0f081098cd2151794205b2c66d",60.025717,2.210420,45.815839,0,0,False,True,724,"073.log"
74,"Y11","23_old_wpms_160","judgment-aggregation-ja-kemeny-preflib-00051-00000011_old.wcnf",1,60,"23e22c484f6e0bc100d10dad2613f924c9ecbf0f081098cd2151794205b2c66d",60.084225,10.045229,58.108517,0,0,False,True,786,"074.log"
75,"Y11","23_old_wpms_160","max-realizability_wt-power-distribution_11_7_old.wcnf",1,60,"23e22c484f6e0bc100d10dad2613f924c9ecbf0f081098cd2151794205b2c66d",60.038803,2.652927,3.351253,0,0,False,True,126,"075.log"
76,"Y11","23_old_wpms_160","max-realizability_wt-power-distribution_12_8_old.wcnf",1,60,"23e22c484f6e0bc100d10dad2613f924c9ecbf0f081098cd2151794205b2c66d",60.056347,5.426500,5.937397,0,0,False,True,216,"076.log"
77,"Y11","23_old_wpms_160","max-realizability_wt-robot-navigation_10_old.wcnf",1,60,"23e22c484f6e0bc100d10dad2613f924c9ecbf0f081098cd2151794205b2c66d",60.056472,16.210232,16.210232,0,0,False,True,39,"077.log"
78,"Y11","23_old_wpms_160","MaxSATQueriesinInterpretableClassifiers_wt-credit_train_8_CNF_5_20_old.wcnf",1,60,"23e22c484f6e0bc100d10dad2613f924c9ecbf0f081098cd2151794205b2c66d",60.100959,12.450901,41.714694,0,0,False,True,96480,"078.log"
79,"Y11","23_old_wpms_160","MaxSATQueriesinInterpretableClassifiers_wt-pima_train_6_CNF_3_20_old.wcnf",1,60,"23e22c484f6e0bc100d10dad2613f924c9ecbf0f081098cd2151794205b2c66d",60.010942,0.065781,34.934695,0,0,False,True,3310,"079.log"
80,"Y11","23_old_wpms_160","MaxSATQueriesinInterpretableClassifiers_wt-toms_test_2_CNF_3_20_old.wcnf",1,60,"23e22c484f6e0bc100d10dad2613f924c9ecbf0f081098cd2151794205b2c66d",60.042845,3.598554,3.705487,0,0,False,True,1003,"080.log"
81,"Y11","23_old_wpms_160","metro_wt-metro_8_8_5_20_10_6_500_1_3.lp.sm-extracted_old.wcnf",1,60,"23e22c484f6e0bc100d10dad2613f924c9ecbf0f081098cd2151794205b2c66d",60.020617,7.451441,11.726911,0,0,False,True,215,"081.log"
82,"Y11","23_old_wpms_160","MinimumWeightDominatingSetProblem_wt-bn-human-BNU_1_0025865_session_1-bg_old.wcnf",1,60,"23e22c484f6e0bc100d10dad2613f924c9ecbf0f081098cd2151794205b2c66d",65.173153,20.265475,20.265475,0,0,False,True,140539244,"082.log"
83,"Y11","23_old_wpms_160","MinimumWeightDominatingSetProblem_wt-channel-500x100x100-b050_old.wcnf",1,60,"23e22c484f6e0bc100d10dad2613f924c9ecbf0f081098cd2151794205b2c66d",65.187549,58.696897,58.696897,0,0,False,True,482601000,"083.log"
84,"Y11","23_old_wpms_160","MinimumWeightDominatingSetProblem_wt-delaunay_n24_old.wcnf",1,60,"23e22c484f6e0bc100d10dad2613f924c9ecbf0f081098cd2151794205b2c66d",62.574347,,,255,1,False,False,,"084.log"
85,"Y11","23_old_wpms_160","MinimumWeightDominatingSetProblem_wt-hugebubbles-00020_old.wcnf",1,60,"23e22c484f6e0bc100d10dad2613f924c9ecbf0f081098cd2151794205b2c66d",64.015944,,,255,1,False,False,,"085.log"
86,"Y11","23_old_wpms_160","MinimumWeightDominatingSetProblem_wt-inf-road-usa_old.wcnf",1,60,"23e22c484f6e0bc100d10dad2613f924c9ecbf0f081098cd2151794205b2c66d",63.359538,,,255,1,False,False,,"086.log"
87,"Y11","23_old_wpms_160","MinimumWeightDominatingSetProblem_wt-rgg_n_2_24_s0_old.wcnf",1,60,"23e22c484f6e0bc100d10dad2613f924c9ecbf0f081098cd2151794205b2c66d",63.936319,,,255,1,False,False,,"087.log"
88,"Y11","23_old_wpms_160","MinimumWeightDominatingSetProblem_wt-sc-rel9_old.wcnf",1,60,"23e22c484f6e0bc100d10dad2613f924c9ecbf0f081098cd2151794205b2c66d",65.645569,,,255,1,False,False,,"088.log"
89,"Y11","23_old_wpms_160","MinimumWeightDominatingSetProblem_wt-soc-livejournal-user-groups_old.wcnf",1,60,"23e22c484f6e0bc100d10dad2613f924c9ecbf0f081098cd2151794205b2c66d",66.093903,,,255,1,False,False,,"089.log"
90,"Y11","23_old_wpms_160","MinimumWeightDominatingSetProblem_wt-web-wikipedia2009_old.wcnf",1,60,"23e22c484f6e0bc100d10dad2613f924c9ecbf0f081098cd2151794205b2c66d",60.728639,28.385906,60.144596,0,0,False,True,179271196,"090.log"
91,"Y11","23_old_wpms_160","mpe_wt-random-net-50-5_network-8.net_old.wcnf",1,60,"23e22c484f6e0bc100d10dad2613f924c9ecbf0f081098cd2151794205b2c66d",60.012645,0.087445,34.267873,0,0,False,True,48330,"091.log"
92,"Y11","23_old_wpms_160","ParametricRBACMaintenance_mse20_wt-role_domino_multiple_0.1_8_old.wcnf",1,60,"23e22c484f6e0bc100d10dad2613f924c9ecbf0f081098cd2151794205b2c66d",60.113174,12.997346,38.325287,0,0,False,True,91518,"092.log"
93,"Y11","23_old_wpms_160","ParametricRBACMaintenance_mse20_wt-role_domino_multiple_0.2_0_old.wcnf",1,60,"23e22c484f6e0bc100d10dad2613f924c9ecbf0f081098cd2151794205b2c66d",60.101202,13.892463,53.975072,0,0,False,True,175445,"093.log"
94,"Y11","23_old_wpms_160","ParametricRBACMaintenance_mse20_wt-role_domino_multiple_0.5_1_old.wcnf",1,60,"23e22c484f6e0bc100d10dad2613f924c9ecbf0f081098cd2151794205b2c66d",60.093022,13.436014,56.516164,0,0,False,True,395880,"094.log"
95,"Y11","23_old_wpms_160","ParametricRBACMaintenance_mse20_wt-role_domino_multiple_0.6_8_old.wcnf",1,60,"23e22c484f6e0bc100d10dad2613f924c9ecbf0f081098cd2151794205b2c66d",60.100463,13.062758,55.644894,0,0,False,True,473099,"095.log"
96,"Y11","23_old_wpms_160","ParametricRBACMaintenance_mse20_wt-role_smallcomp_multiple_0.7_2_old.wcnf",1,60,"23e22c484f6e0bc100d10dad2613f924c9ecbf0f081098cd2151794205b2c66d",60.006027,12.577934,59.413095,0,0,False,True,277373,"096.log"
97,"Y11","23_old_wpms_160","ParametricRBACMaintenance_mse20_wt-role_smallcomp_multiple_0.7_6_old.wcnf",1,60,"23e22c484f6e0bc100d10dad2613f924c9ecbf0f081098cd2151794205b2c66d",60.028528,0.071009,3.701795,0,0,False,True,252179,"097.log"
98,"Y11","23_old_wpms_160","ParametricRBACMaintenance_mse20_wt-role_smallcomp_multiple_0.8_1_old.wcnf",1,60,"23e22c484f6e0bc100d10dad2613f924c9ecbf0f081098cd2151794205b2c66d",60.012148,0.065761,10.884079,0,0,False,True,350793,"098.log"
99,"Y11","23_old_wpms_160","ParametricRBACMaintenance_mse20_wt-role_smallcomp_multiple_0.9_6_old.wcnf",1,60,"23e22c484f6e0bc100d10dad2613f924c9ecbf0f081098cd2151794205b2c66d",60.009038,0.070201,0.219810,0,0,False,True,282321,"099.log"
100,"Y11","23_old_wpms_160","ParametricRBACMaintenance_mse20_wt-role_university_multiple_0.1_1_old.wcnf",1,60,"23e22c484f6e0bc100d10dad2613f924c9ecbf0f081098cd2151794205b2c66d",60.221230,16.697550,59.125170,0,0,False,True,131018,"100.log"
101,"Y11","23_old_wpms_160","ParametricRBACMaintenance_mse20_wt-role_university_multiple_0.4_7_old.wcnf",1,60,"23e22c484f6e0bc100d10dad2613f924c9ecbf0f081098cd2151794205b2c66d",60.478828,22.212353,58.258803,0,0,False,True,404266,"101.log"
102,"Y11","23_old_wpms_160","ParametricRBACMaintenance_mse20_wt-role_university_multiple_0.5_4_old.wcnf",1,60,"23e22c484f6e0bc100d10dad2613f924c9ecbf0f081098cd2151794205b2c66d",60.137580,14.868060,59.656600,0,0,False,True,482557,"102.log"
103,"Y11","23_old_wpms_160","ParametricRBACMaintenance_mse20_wt-role_university_multiple_0.5_5_old.wcnf",1,60,"23e22c484f6e0bc100d10dad2613f924c9ecbf0f081098cd2151794205b2c66d",60.339264,17.937159,57.560949,0,0,False,True,476532,"103.log"
104,"Y11","23_old_wpms_160","ParametricRBACMaintenance_mse20_wt-role_university_multiple_0.5_7_old.wcnf",1,60,"23e22c484f6e0bc100d10dad2613f924c9ecbf0f081098cd2151794205b2c66d",60.202670,21.688085,59.989405,0,0,False,True,492557,"104.log"
105,"Y11","23_old_wpms_160","pseudoBoolean_wt-normalized-mps-v2-20-10-sentoy.opb.msat_old.wcnf",1,60,"23e22c484f6e0bc100d10dad2613f924c9ecbf0f081098cd2151794205b2c66d",60.012493,0.542357,0.542357,0,0,False,True,9460,"105.log"
106,"Y11","23_old_wpms_160","railway-transport_wt-bf2030fvslack_old.wcnf",1,60,"23e22c484f6e0bc100d10dad2613f924c9ecbf0f081098cd2151794205b2c66d",65.276194,,,255,1,False,False,,"106.log"
107,"Y11","23_old_wpms_160","railway-transport_wt-f2030_old.wcnf",1,60,"23e22c484f6e0bc100d10dad2613f924c9ecbf0f081098cd2151794205b2c66d",60.135817,15.447113,59.170093,0,0,False,True,7029,"107.log"
108,"Y11","23_old_wpms_160","railway-transport_wt-r11_old.wcnf",1,60,"23e22c484f6e0bc100d10dad2613f924c9ecbf0f081098cd2151794205b2c66d",65.776909,,,255,1,False,False,,"108.log"
109,"Y11","23_old_wpms_160","railway-transport_wt-wg2_old.wcnf",1,60,"23e22c484f6e0bc100d10dad2613f924c9ecbf0f081098cd2151794205b2c66d",60.198826,28.902958,56.473108,0,0,False,True,866,"109.log"
110,"Y11","23_old_wpms_160","ramsey_wt-ram_k3_n14.ra1_old.wcnf",1,60,"23e22c484f6e0bc100d10dad2613f924c9ecbf0f081098cd2151794205b2c66d",60.010877,0.010620,0.511232,0,0,False,True,3025,"110.log"
111,"Y11","23_old_wpms_160","ramsey_wt-ram_k3_n16.ra1_old.wcnf",1,60,"23e22c484f6e0bc100d10dad2613f924c9ecbf0f081098cd2151794205b2c66d",60.009922,0.016561,0.472036,0,0,False,True,7271,"111.log"
112,"Y11","23_old_wpms_160","ramsey_wt-ram_k3_n19.ra1_old.wcnf",1,60,"23e22c484f6e0bc100d10dad2613f924c9ecbf0f081098cd2151794205b2c66d",60.013155,0.033205,1.250512,0,0,False,True,20665,"112.log"
113,"Y11","23_old_wpms_160","ramsey_wt-ram_k4_n19.ra1_old.wcnf",1,60,"23e22c484f6e0bc100d10dad2613f924c9ecbf0f081098cd2151794205b2c66d",60.121151,0.051847,8.218064,0,0,False,True,1240,"113.log"
114,"Y11","23_old_wpms_160","relational-inference_wt-pa-1_old.wcnf",1,60,"23e22c484f6e0bc100d10dad2613f924c9ecbf0f081098cd2151794205b2c66d",60.351867,20.065015,22.530995,0,0,False,True,8282,"114.log"
115,"Y11","23_old_wpms_160","relational-inference_wt-pa-2_old.wcnf",1,60,"23e22c484f6e0bc100d10dad2613f924c9ecbf0f081098cd2151794205b2c66d",60.149061,,,255,1,False,False,,"115.log"
116,"Y11","23_old_wpms_160","relational-inference_wt-pa-3_old.wcnf",1,60,"23e22c484f6e0bc100d10dad2613f924c9ecbf0f081098cd2151794205b2c66d",60.103094,,,255,1,False,False,,"116.log"
117,"Y11","23_old_wpms_160","setcover_wt-rail2536_old.wcnf",1,60,"23e22c484f6e0bc100d10dad2613f924c9ecbf0f081098cd2151794205b2c66d",65.936238,6.672048,6.672048,0,0,False,True,2147034,"117.log"
118,"Y11","23_old_wpms_160","setcover_wt-rail4284_old.wcnf",1,60,"23e22c484f6e0bc100d10dad2613f924c9ecbf0f081098cd2151794205b2c66d",66.004286,6.643198,6.643198,0,0,False,True,2119198,"118.log"
119,"Y11","23_old_wpms_160","setcover_wt-rail4872_old.wcnf",1,60,"23e22c484f6e0bc100d10dad2613f924c9ecbf0f081098cd2151794205b2c66d",66.180002,5.904422,5.904422,0,0,False,True,1873139,"119.log"
120,"Y11","23_old_wpms_160","setcover_wt-rail507_old.wcnf",1,60,"23e22c484f6e0bc100d10dad2613f924c9ecbf0f081098cd2151794205b2c66d",60.275182,16.215357,43.574417,0,0,False,True,220,"120.log"
121,"Y11","23_old_wpms_160","shiftdesign_wt-limits-10-10_data-1_inst-084_30m.sm-extracted_old.wcnf",1,60,"23e22c484f6e0bc100d10dad2613f924c9ecbf0f081098cd2151794205b2c66d",67.726162,,,255,1,False,False,,"121.log"
122,"Y11","23_old_wpms_160","shiftdesign_wt-limits-10-10_data-1_inst-137_30m.sm-extracted_old.wcnf",1,60,"23e22c484f6e0bc100d10dad2613f924c9ecbf0f081098cd2151794205b2c66d",60.514097,47.672684,47.672684,0,0,False,True,17244442,"122.log"
123,"Y11","23_old_wpms_160","shiftdesign_wt-limits-10-10_data-1_inst-182_30m.sm-extracted_old.wcnf",1,60,"23e22c484f6e0bc100d10dad2613f924c9ecbf0f081098cd2151794205b2c66d",66.402150,,,255,1,False,False,,"123.log"
124,"Y11","23_old_wpms_160","shiftdesign_wt-limits-10-10_data-2_inst-003_30m.sm-extracted_old.wcnf",1,60,"23e22c484f6e0bc100d10dad2613f924c9ecbf0f081098cd2151794205b2c66d",66.535006,,,255,1,False,False,,"124.log"
125,"Y11","23_old_wpms_160","shiftdesign_wt-limits-10-10_data-2_inst-025_30m.sm-extracted_old.wcnf",1,60,"23e22c484f6e0bc100d10dad2613f924c9ecbf0f081098cd2151794205b2c66d",62.275636,,,255,1,False,False,,"125.log"
126,"Y11","23_old_wpms_160","shiftdesign_wt-limits-10-10_data-2_inst-030_30m.sm-extracted_old.wcnf",1,60,"23e22c484f6e0bc100d10dad2613f924c9ecbf0f081098cd2151794205b2c66d",61.698050,,,255,1,False,False,,"126.log"
127,"Y11","23_old_wpms_160","shiftdesign_wt-limits-10-10_data-3_inst-002_30m.sm-extracted_old.wcnf",1,60,"23e22c484f6e0bc100d10dad2613f924c9ecbf0f081098cd2151794205b2c66d",66.204574,,,255,1,False,False,,"127.log"
128,"Y11","23_old_wpms_160","shiftdesign_wt-limits-10-10_data-3_inst-003_30m.sm-extracted_old.wcnf",1,60,"23e22c484f6e0bc100d10dad2613f924c9ecbf0f081098cd2151794205b2c66d",61.030706,59.875482,59.875482,0,0,False,True,28190618,"128.log"
129,"Y11","23_old_wpms_160","shiftdesign_wt-limits-10-10_data-4_inst-003_60m.sm-extracted_old.wcnf",1,60,"23e22c484f6e0bc100d10dad2613f924c9ecbf0f081098cd2151794205b2c66d",65.920153,,,255,1,False,False,,"129.log"
130,"Y11","23_old_wpms_160","spot5_wt-1401.wcsp.log_old.wcnf",1,60,"23e22c484f6e0bc100d10dad2613f924c9ecbf0f081098cd2151794205b2c66d",60.009954,0.099649,7.701345,0,0,False,True,468096,"130.log"
131,"Y11","23_old_wpms_160","spot5_wt-1403.wcsp.dir_old.wcnf",1,60,"23e22c484f6e0bc100d10dad2613f924c9ecbf0f081098cd2151794205b2c66d",60.012532,0.126186,0.197289,0,0,False,True,477264,"131.log"
132,"Y11","23_old_wpms_160","spot5_wt-1403.wcsp.log_old.wcnf",1,60,"23e22c484f6e0bc100d10dad2613f924c9ecbf0f081098cd2151794205b2c66d",60.014148,0.129470,35.717897,0,0,False,True,469238,"132.log"
133,"Y11","23_old_wpms_160","spot5_wt-1405.wcsp.dir_old.wcnf",1,60,"23e22c484f6e0bc100d10dad2613f924c9ecbf0f081098cd2151794205b2c66d",60.014697,0.194731,0.394307,0,0,False,True,475458,"133.log"
134,"Y11","23_old_wpms_160","spot5_wt-1506.wcsp.log_old.wcnf",1,60,"23e22c484f6e0bc100d10dad2613f924c9ecbf0f081098cd2151794205b2c66d",60.009219,0.161473,35.411981,0,0,False,True,360527,"134.log"
135,"Y11","23_old_wpms_160","spot5_wt-5.wcsp.log_old.wcnf",1,60,"23e22c484f6e0bc100d10dad2613f924c9ecbf0f081098cd2151794205b2c66d",60.013444,0.096324,0.101985,0,0,False,True,270,"135.log"
136,"Y11","23_old_wpms_160","staff-scheduling_wt-instance10_old.wcnf",1,60,"23e22c484f6e0bc100d10dad2613f924c9ecbf0f081098cd2151794205b2c66d",60.085408,12.030116,47.994906,0,0,False,True,6625,"136.log"
137,"Y11","23_old_wpms_160","staff-scheduling_wt-instance11_old.wcnf",1,60,"23e22c484f6e0bc100d10dad2613f924c9ecbf0f081098cd2151794205b2c66d",60.051212,6.464241,30.389015,0,0,False,True,3653,"137.log"
138,"Y11","23_old_wpms_160","staff-scheduling_wt-instance12_old.wcnf",1,60,"23e22c484f6e0bc100d10dad2613f924c9ecbf0f081098cd2151794205b2c66d",60.149960,17.399393,27.230573,0,0,False,True,7671,"138.log"
139,"Y11","23_old_wpms_160","staff-scheduling_wt-instance2_old.wcnf",1,60,"23e22c484f6e0bc100d10dad2613f924c9ecbf0f081098cd2151794205b2c66d",60.009517,0.114650,3.922987,0,0,False,True,838,"139.log"
140,"Y11","23_old_wpms_160","staff-scheduling_wt-instance3_old.wcnf",1,60,"23e22c484f6e0bc100d10dad2613f924c9ecbf0f081098cd2151794205b2c66d",60.018452,0.325988,16.533291,0,0,False,True,1026,"140.log"
141,"Y11","23_old_wpms_160","staff-scheduling_wt-instance4_old.wcnf",1,60,"23e22c484f6e0bc100d10dad2613f924c9ecbf0f081098cd2151794205b2c66d",60.008458,0.173325,43.727226,0,0,False,True,1740,"141.log"
142,"Y11","23_old_wpms_160","staff-scheduling_wt-instance5_old.wcnf",1,60,"23e22c484f6e0bc100d10dad2613f924c9ecbf0f081098cd2151794205b2c66d",60.014900,0.428279,27.457293,0,0,False,True,1287,"142.log"
143,"Y11","23_old_wpms_160","staff-scheduling_wt-instance6_old.wcnf",1,60,"23e22c484f6e0bc100d10dad2613f924c9ecbf0f081098cd2151794205b2c66d",60.013111,0.563019,11.745529,0,0,False,True,2081,"143.log"
144,"Y11","23_old_wpms_160","staff-scheduling_wt-instance7_old.wcnf",1,60,"23e22c484f6e0bc100d10dad2613f924c9ecbf0f081098cd2151794205b2c66d",60.023031,0.732276,50.028725,0,0,False,True,1178,"144.log"
145,"Y11","23_old_wpms_160","staff-scheduling_wt-instance8_old.wcnf",1,60,"23e22c484f6e0bc100d10dad2613f924c9ecbf0f081098cd2151794205b2c66d",60.025780,2.269434,21.428951,0,0,False,True,2848,"145.log"
146,"Y11","23_old_wpms_160","staff-scheduling_wt-instance9_old.wcnf",1,60,"23e22c484f6e0bc100d10dad2613f924c9ecbf0f081098cd2151794205b2c66d",60.056777,7.936208,50.722636,0,0,False,True,2161,"146.log"
147,"Y11","23_old_wpms_160","switchingactivitymaximization-SwitchingActivityMaximization_OpenRISC1200_100_old.wcnf",1,60,"23e22c484f6e0bc100d10dad2613f924c9ecbf0f081098cd2151794205b2c66d",60.159866,11.478790,11.478790,0,0,False,True,392,"147.log"
148,"Y11","23_old_wpms_160","switchingactivitymaximization-SwitchingActivityMaximization_OpenRISC1200_150_old.wcnf",1,60,"23e22c484f6e0bc100d10dad2613f924c9ecbf0f081098cd2151794205b2c66d",60.134483,11.271429,11.271429,0,0,False,True,528,"148.log"
149,"Y11","23_old_wpms_160","switchingactivitymaximization-SwitchingActivityMaximization_OpenRISC1200_200_old.wcnf",1,60,"23e22c484f6e0bc100d10dad2613f924c9ecbf0f081098cd2151794205b2c66d",60.130487,11.556916,11.556916,0,0,False,True,602,"149.log"
150,"Y11","23_old_wpms_160","switchingactivitymaximization-SwitchingActivityMaximization_OpenRISC1200_66_old.wcnf",1,60,"23e22c484f6e0bc100d10dad2613f924c9ecbf0f081098cd2151794205b2c66d",60.127822,11.566717,11.566717,0,0,False,True,228,"150.log"
151,"Y11","23_old_wpms_160","switchingactivitymaximization-SwitchingActivityMaximization_OpenRISC1200_68_old.wcnf",1,60,"23e22c484f6e0bc100d10dad2613f924c9ecbf0f081098cd2151794205b2c66d",60.127746,11.539779,11.539779,0,0,False,True,193,"151.log"
152,"Y11","23_old_wpms_160","switchingactivitymaximization-SwitchingActivityMaximization_OpenRISC1200_70_old.wcnf",1,60,"23e22c484f6e0bc100d10dad2613f924c9ecbf0f081098cd2151794205b2c66d",60.128013,11.510612,11.510612,0,0,False,True,240,"152.log"
153,"Y11","23_old_wpms_160","switchingactivitymaximization-SwitchingActivityMaximization_OpenRISC1200_72_old.wcnf",1,60,"23e22c484f6e0bc100d10dad2613f924c9ecbf0f081098cd2151794205b2c66d",60.344680,11.513453,11.513453,0,0,False,True,202,"153.log"
154,"Y11","23_old_wpms_160","switchingactivitymaximization-SwitchingActivityMaximization_OpenRISC1200_80_old.wcnf",1,60,"23e22c484f6e0bc100d10dad2613f924c9ecbf0f081098cd2151794205b2c66d",60.129516,11.539165,11.539165,0,0,False,True,306,"154.log"
155,"Y11","23_old_wpms_160","switchingactivitymaximization-SwitchingActivityMaximization_OpenRISC1200_90_old.wcnf",1,60,"23e22c484f6e0bc100d10dad2613f924c9ecbf0f081098cd2151794205b2c66d",60.126663,11.544158,11.544158,0,0,False,True,283,"155.log"
156,"Y11","23_old_wpms_160","tcp_wt-tcp_students_112_it_2_old.wcnf",1,60,"23e22c484f6e0bc100d10dad2613f924c9ecbf0f081098cd2151794205b2c66d",60.019747,1.608397,47.690552,0,0,False,True,3699,"156.log"
157,"Y11","23_old_wpms_160","timetabling_wt-comp02_old.wcnf",1,60,"23e22c484f6e0bc100d10dad2613f924c9ecbf0f081098cd2151794205b2c66d",60.041193,4.131413,12.642166,0,0,False,True,136,"157.log"
158,"Y11","23_old_wpms_160","timetabling_wt-comp09_old.wcnf",1,60,"23e22c484f6e0bc100d10dad2613f924c9ecbf0f081098cd2151794205b2c66d",60.060113,4.245960,32.408659,0,0,False,True,135,"158.log"
159,"Y11","23_old_wpms_160","timetabling_wt-comp12_old.wcnf",1,60,"23e22c484f6e0bc100d10dad2613f924c9ecbf0f081098cd2151794205b2c66d",60.035802,3.162325,32.974234,0,0,False,True,560,"159.log"
160,"Y11","23_old_wpms_160","timetabling_wt-dds4_old.wcnf",1,60,"23e22c484f6e0bc100d10dad2613f924c9ecbf0f081098cd2151794205b2c66d",63.388309,,,255,1,False,False,,"160.log"
