Dataset,Instances,Model,Feasible,FeasiblePct,Strict300Feasible,Strict300FeasiblePct,Wins,UniqueWins,SharedWins,MeanBestTimeOnWinsSeconds,MedianBestTimeOnWinsSeconds,Strict300Wins,Strict300UniqueWins,Strict300SharedWins,Strict300MeanBestTimeOnWinsSeconds
23-wpms-300s,160,SCOPE-MaxSAT,159,99.375,159,99.375,14,0,14,43.00068207142857,1.1840035,14,0,14,43.00068207142857
23-wpms-300s,160,NuWLS,104,65.0,104,65.0,31,11,20,91.27290322580646,19.1,31,11,20,91.27290322580646
23-wpms-300s,160,SATLike3.0,100,62.5,100,62.5,9,4,5,63.20666666666667,38.56,9,4,5,63.20666666666667
23-wpms-300s,160,BandMaxSAT,99,61.875,99,61.875,13,6,7,45.174615384615386,24.03,13,6,7,45.174615384615386
23-wpms-300s,160,NuWLS-c-2023,159,99.375,159,99.375,66,11,55,65.52178228787878,18.123551499999998,66,11,55,65.52178228787878
23-wpms-300s,160,NuWLS-c-FPS,159,99.375,159,99.375,62,18,44,87.00640801612904,62.138973,62,18,44,87.00640801612904
23-wpms-300s,160,SPB-MaxSAT-c-FPS,159,99.375,159,99.375,72,14,58,61.635042597222224,15.4802125,72,14,58,61.635042597222224
23-wpms-300s,160,SPB-MaxSAT-c-Band,159,99.375,159,99.375,90,30,60,69.57622902222222,21.239848000000002,90,30,60,69.57622902222222
23-pms-300s,179,SCOPE-MaxSAT,175,97.76536312849161,175,97.76536312849161,29,5,24,46.44366624137931,4.718354,29,5,24,46.44366624137931
23-pms-300s,179,NuWLS,142,79.32960893854748,142,79.32960893854748,54,8,46,70.51481481481481,34.245,54,8,46,70.51481481481481
23-pms-300s,179,SATLike3.0,119,66.4804469273743,119,66.4804469273743,23,0,23,32.88173913043478,4.71,23,0,23,32.88173913043478
23-pms-300s,179,BandMaxSAT,140,78.2122905027933,140,78.2122905027933,33,4,29,34.056060606060605,2.3,33,4,29,34.056060606060605
23-pms-300s,179,NuWLS-c-2023,172,96.08938547486034,172,96.08938547486034,95,12,83,69.42833565263157,22.505325,95,12,83,69.42833565263157
23-pms-300s,179,NuWLS-c-FPS,172,96.08938547486034,172,96.08938547486034,84,11,73,69.81576967857143,33.112385,84,11,73,69.81576967857143
23-pms-300s,179,SPB-MaxSAT-c-FPS,173,96.64804469273743,173,96.64804469273743,98,11,87,52.91790424489796,19.6573,98,11,87,52.91790424489796
23-pms-300s,179,SPB-MaxSAT-c-Band,171,95.53072625698324,170,94.97206703910615,103,15,88,81.3357684854369,35.573158,102,15,87,71.52609476470589
24-wpms-300s,229,SCOPE-MaxSAT,225,98.2532751091703,225,98.2532751091703,37,2,35,42.86798848648648,10.899815,37,2,35,42.86798848648648
24-wpms-300s,229,NuWLS,171,74.67248908296943,171,74.67248908296943,66,7,59,60.4219696969697,16.384999999999998,66,7,59,60.4219696969697
24-wpms-300s,229,SATLike3.0,173,75.54585152838428,173,75.54585152838428,28,2,26,57.971785714285716,2.965,28,2,26,57.971785714285716
24-wpms-300s,229,BandMaxSAT,171,74.67248908296943,171,74.67248908296943,29,6,23,43.45379310344828,1.68,29,6,23,43.45379310344828
24-wpms-300s,229,NuWLS-c-2023,225,98.2532751091703,225,98.2532751091703,123,14,109,41.100622837398376,12.200631,123,14,109,41.100622837398376
24-wpms-300s,229,NuWLS-c-FPS,226,98.68995633187772,226,98.68995633187772,112,18,94,56.04558327678571,26.044155,112,18,94,56.04558327678571
24-wpms-300s,229,SPB-MaxSAT-c-FPS,225,98.2532751091703,225,98.2532751091703,128,15,113,44.126144515625,10.637234,128,15,113,44.126144515625
24-wpms-300s,229,SPB-MaxSAT-c-Band,225,98.2532751091703,225,98.2532751091703,148,32,116,59.371472885135134,15.9946585,148,32,116,59.371472885135134
24-pms-300s,216,SCOPE-MaxSAT,213,98.61111111111111,213,98.61111111111111,65,5,60,24.483936553846153,1.534386,66,6,60,25.15984443939394
24-pms-300s,216,NuWLS,165,76.38888888888889,165,76.38888888888889,85,7,78,40.70258823529412,2.67,85,7,78,40.70258823529412
24-pms-300s,216,SATLike3.0,149,68.98148148148148,149,68.98148148148148,64,1,63,32.62890625,5.21,64,1,63,32.62890625
24-pms-300s,216,BandMaxSAT,161,74.53703703703704,161,74.53703703703704,67,5,62,21.96641791044776,1.32,67,5,62,21.96641791044776
24-pms-300s,216,NuWLS-c-2023,211,97.68518518518519,211,97.68518518518519,128,9,119,32.9781039609375,6.465049,128,9,119,32.9781039609375
24-pms-300s,216,NuWLS-c-FPS,212,98.14814814814815,212,98.14814814814815,139,13,126,58.71694243165468,17.190769,139,13,126,58.71694243165468
24-pms-300s,216,SPB-MaxSAT-c-FPS,211,97.68518518518519,211,97.68518518518519,133,9,124,42.18622460150376,7.142378,133,9,124,42.18622460150376
24-pms-300s,216,SPB-MaxSAT-c-Band,212,98.14814814814815,212,98.14814814814815,147,12,135,49.62277941496599,11.749102,146,11,135,44.946644356164384
Primary held-out,596,SCOPE-MaxSAT,587,98.48993288590604,587,98.48993288590604,131,12,119,34.53769290839695,3.246111,132,13,119,34.799482030303025
Primary held-out,596,NuWLS,458,76.84563758389261,458,76.84563758389261,204,21,183,54.705735294117645,11.845,204,21,183,54.705735294117645
Primary held-out,596,SATLike3.0,421,70.63758389261746,421,70.63758389261746,114,3,111,37.87543859649123,5.015000000000001,114,3,111,37.87543859649123
Primary held-out,596,BandMaxSAT,454,76.1744966442953,454,76.1744966442953,127,14,113,29.533543307086617,1.53,127,14,113,29.533543307086617
Primary held-out,596,NuWLS-c-2023,582,97.6510067114094,582,97.6510067114094,332,35,297,46.28014089156627,9.5856035,332,35,297,46.28014089156627
Primary held-out,596,NuWLS-c-FPS,584,97.98657718120805,584,97.98657718120805,320,41,279,60.6732819125,19.9856645,320,41,279,60.6732819125
Primary held-out,596,SPB-MaxSAT-c-FPS,583,97.81879194630872,583,97.81879194630872,340,32,308,45.90278418235294,10.029008000000001,340,32,308,45.90278418235294
Primary held-out,596,SPB-MaxSAT-c-Band,582,97.6510067114094,581,97.48322147651007,379,56,323,62.680563432717676,13.890277,377,55,322,58.200722957559684
All four tracks,784,SCOPE-MaxSAT,772,98.46938775510205,772,98.46938775510205,145,12,133,35.354809103448275,3.202646,146,13,133,35.58589847260274
All four tracks,784,NuWLS,582,74.23469387755102,582,74.23469387755102,236,33,203,59.681483050847454,13.015,236,33,203,59.681483050847454
All four tracks,784,SATLike3.0,541,69.00510204081633,541,69.00510204081633,124,7,117,40.61774193548387,5.21,124,7,117,40.61774193548387
All four tracks,784,BandMaxSAT,571,72.83163265306122,571,72.83163265306122,142,21,121,31.288943661971828,1.835,142,21,121,31.288943661971828
All four tracks,784,NuWLS-c-2023,767,97.83163265306122,767,97.83163265306122,412,46,366,49.02112483980582,10.909997,412,46,366,49.02112483980582
All four tracks,784,NuWLS-c-FPS,769,98.08673469387755,769,98.08673469387755,397,60,337,64.72967827455919,24.893404,397,60,337,64.72967827455919
All four tracks,784,SPB-MaxSAT-c-FPS,768,97.95918367346938,768,97.95918367346938,431,49,382,48.45148968213457,11.353594,431,49,382,48.45148968213457
All four tracks,784,SPB-MaxSAT-c-Band,767,97.83163265306122,766,97.70408163265306,488,89,399,62.952810096311474,15.9946585,486,88,398,59.478827862139916
