Instance,Seed,CutoffSeconds,HasVerifiedSolution,FirstFeasibleTimeSeconds,PaperTableTimeSeconds,BestCost,ModelName,KernelName,ControllerEnabled,Feasible
abstraction-refinement_wt-downcast-antlr_old.wcnf,1,60,True,14.4102,38.1171,76306.0,Host-NuWLS,NuWLS,False,True
abstraction-refinement_wt-downcast-avrora_old.wcnf,1,60,True,10.5337,15.4202,46694.0,Host-NuWLS,NuWLS,False,True
abstraction-refinement_wt-downcast-hsqldb_old.wcnf,1,60,True,20.362,25.0385,30280.0,Host-NuWLS,NuWLS,False,True
abstraction-refinement_wt-downcast-pmd_old.wcnf,1,60,True,21.7978,53.001,4286.0,Host-NuWLS,NuWLS,False,True
abstraction-refinement_wt-downcast-xalan_old.wcnf,1,60,True,11.298,23.2312,65534.0,Host-NuWLS,NuWLS,False,True
abstraction-refinement_wt-polysite-avrora_old.wcnf,1,60,True,8.84721,24.2163,51857.0,Host-NuWLS,NuWLS,False,True
abstraction-refinement_wt-polysite-bloat_old.wcnf,1,60,True,30.9301,59.4876,183.0,Host-NuWLS,NuWLS,False,True
abstraction-refinement_wt-polysite-hsqldb_old.wcnf,1,60,True,31.6856,37.6224,172545.0,Host-NuWLS,NuWLS,False,True
abstraction-refinement_wt-polysite-pmd_old.wcnf,1,60,True,16.3027,50.7665,188481.0,Host-NuWLS,NuWLS,False,True
abstraction-refinement_wt-polysite-xalan_old.wcnf,1,60,True,19.8868,53.8908,114727.0,Host-NuWLS,NuWLS,False,True
causal-discovery_wt-causal_alarm_9_1000_old.wcnf,1,60,True,4.0104,41.9039,31083142.0,Host-NuWLS,NuWLS,False,True
causal-discovery_wt-causal_carpo_8_1000_old.wcnf,1,60,True,0.308586,1.56259,2807752.0,Host-NuWLS,NuWLS,False,True
causal-discovery_wt-causal_Link_10_10000_old.wcnf,1,60,True,8.72021,53.6591,132453527.0,Host-NuWLS,NuWLS,False,True
causal-discovery_wt-causal_Link_10_1000_old.wcnf,1,60,True,37.71,45.8239,28490847.0,Host-NuWLS,NuWLS,False,True
causal-discovery_wt-causal_Link_9_100_old.wcnf,1,60,True,0.716344,20.52,2083825.0,Host-NuWLS,NuWLS,False,True
causal-discovery_wt-causal_Mushroom_7_1000_old.wcnf,1,60,True,0.259877,3.65193,263844.0,Host-NuWLS,NuWLS,False,True
causal-discovery_wt-causal_Pigs_6_1000_old.wcnf,1,60,True,0.248602,40.0805,20157909.0,Host-NuWLS,NuWLS,False,True
causal-discovery_wt-causal_Water_10_1000_old.wcnf,1,60,True,2.02882,2.02882,45193159.0,Host-NuWLS,NuWLS,False,True
correlation-clustering_wt-Rounded_CorrelationClustering_Ionosphere_BINARY_N260_D0.200_old.wcnf,1,60,True,0.287359,56.6998,6971412.0,Host-NuWLS,NuWLS,False,True
correlation-clustering_wt-Rounded_CorrelationClustering_Protein1_UNARY_N290_old.wcnf,1,60,True,4.98457,46.6621,19777685.0,Host-NuWLS,NuWLS,False,True
correlation-clustering_wt-Rounded_CorrelationClustering_Protein2_BINARY_N220_old.wcnf,1,60,True,0.106437,53.0195,13795036.0,Host-NuWLS,NuWLS,False,True
correlation-clustering_wt-Rounded_CorrelationClustering_Protein2_BINARY_N240_old.wcnf,1,60,True,0.29613,8.794,16116883.0,Host-NuWLS,NuWLS,False,True
correlation-clustering_wt-Rounded_CorrelationClustering_Protein2_BINARY_N380_old.wcnf,1,60,True,0.307729,14.9825,38375977.0,Host-NuWLS,NuWLS,False,True
correlation-clustering_wt-Rounded_CorrelationClustering_Protein2_UNARY_N220_old.wcnf,1,60,True,2.52822,31.9772,15466586.0,Host-NuWLS,NuWLS,False,True
correlation-clustering_wt-Rounded_CorrelationClustering_Protein3_TRANSITIVE_N280_old.wcnf,1,60,True,6.72857,55.6132,19709283.0,Host-NuWLS,NuWLS,False,True
correlation-clustering_wt-Rounded_CorrelationClustering_Protein3_UNARY_N220_old.wcnf,1,60,True,1.81921,59.2789,15425224.0,Host-NuWLS,NuWLS,False,True
correlation-clustering_wt-Rounded_CorrelationClustering_Protein4_BINARY_N320_old.wcnf,1,60,True,0.130398,7.91137,14733167.0,Host-NuWLS,NuWLS,False,True
correlation-clustering_wt-Rounded_CorrelationClustering_Protein4_UNARY_N250_old.wcnf,1,60,True,1.58406,37.8684,9446804.0,Host-NuWLS,NuWLS,False,True
correlation-clustering_wt-Rounded_CorrelationClustering_Vowel_BINARY_N700_D0.200_old.wcnf,1,60,True,1.41501,1.58719,75201247.0,Host-NuWLS,NuWLS,False,True
correlation-clustering_wt-Rounded_CorrelationClustering_Vowel_BINARY_N800_D0.200_old.wcnf,1,60,True,3.41277,8.4191,86276967.0,Host-NuWLS,NuWLS,False,True
decision-tree-anneal-un-formula_0.8_2021_atleast_31_max-4_reduced_incomplete_adaboost_3_old.wcnf,1,60,True,1.31963,2.93698,355.0,Host-NuWLS,NuWLS,False,True
decision-tree-anneal-un-formula_0.8_2021_atleast_31_max-4_reduced_incomplete_adaboost_5_old.wcnf,1,60,True,2.45326,22.8801,750.0,Host-NuWLS,NuWLS,False,True
decision-tree-australian-credit-un-formula_0.8_2021_atleast_31_max-4_reduced_incomplete_adaboost_5_old.wcnf,1,60,True,1.95136,3.83338,575.0,Host-NuWLS,NuWLS,False,True
decision-tree-heart-cleveland-un-formula_0.8_2021_atleast_127_max-6_reduced_incomplete_adaboost_2_old.wcnf,1,60,True,7.22668,7.28431,72.0,Host-NuWLS,NuWLS,False,True
decision-tree-heart-cleveland-un-formula_0.8_2021_atleast_15_max-3_reduced_incomplete_adaboost_4_old.wcnf,1,60,True,0.331323,0.518609,138.0,Host-NuWLS,NuWLS,False,True
decision-tree-heart-cleveland-un-formula_0.8_2021_atleast_31_max-4_reduced_incomplete_adaboost_4_old.wcnf,1,60,True,0.571905,0.866314,146.0,Host-NuWLS,NuWLS,False,True
decision-tree-heart-cleveland-un-formula_0.8_2021_atleast_31_max-4_reduced_incomplete_adaboost_6_old.wcnf,1,60,True,0.525056,1.25928,240.0,Host-NuWLS,NuWLS,False,True
decision-tree-primary-tumor-un-formula_0.8_2021_atleast_127_max-6_reduced_incomplete_adaboost_2_old.wcnf,1,60,True,1.89233,4.04277,113.0,Host-NuWLS,NuWLS,False,True
decision-tree-primary-tumor-un-formula_0.8_2021_atleast_127_max-6_reduced_incomplete_adaboost_4_old.wcnf,1,60,True,1.83258,1.96271,212.0,Host-NuWLS,NuWLS,False,True
decision-tree-primary-tumor-un-formula_0.8_2021_atleast_15_max-3_reduced_incomplete_adaboost_2_old.wcnf,1,60,True,0.0928519,4.72448,84.0,Host-NuWLS,NuWLS,False,True
decision-tree-primary-tumor-un-formula_0.8_2021_atleast_31_max-4_reduced_incomplete_adaboost_4_old.wcnf,1,60,True,0.191862,4.01288,155.0,Host-NuWLS,NuWLS,False,True
decision-tree-primary-tumor-un-formula_0.8_2021_atleast_63_max-5_reduced_incomplete_adaboost_6_old.wcnf,1,60,True,0.605007,1.46663,338.0,Host-NuWLS,NuWLS,False,True
decision-tree-tic-tac-toe-un-formula_0.8_2021_atleast_15_max-3_reduced_incomplete_adaboost_2_old.wcnf,1,60,True,0.195488,0.340252,335.0,Host-NuWLS,NuWLS,False,True
decision-tree-tic-tac-toe-un-formula_0.8_2021_atleast_15_max-3_reduced_incomplete_adaboost_3_old.wcnf,1,60,True,0.236335,0.313238,443.0,Host-NuWLS,NuWLS,False,True
decision-tree-tic-tac-toe-un-formula_0.8_2021_atleast_31_max-4_reduced_incomplete_adaboost_2_old.wcnf,1,60,True,0.917244,0.917244,286.0,Host-NuWLS,NuWLS,False,True
drmx-cryptogen_wt-geffe128_7_old.wcnf,1,60,True,0.0149312,30.7895,800.0,Host-NuWLS,NuWLS,False,True
generalized-ising_wt-IS11_5.0.5.0.0.5_softer_periodic_old.wcnf,1,60,True,0.0443424,0.0475829,112072158920140.0,Host-NuWLS,NuWLS,False,True
generalized-ising_wt-IS12_5.0.5.0.0.5_softer_periodic_old.wcnf,1,60,True,1.4733,1.90484,113171466486232.0,Host-NuWLS,NuWLS,False,True
generalized-ising_wt-IS13_5.0.5.0.0.5_softer_periodic_old.wcnf,1,60,True,0.0671962,0.0695297,119401387482250.0,Host-NuWLS,NuWLS,False,True
generalized-ising_wt-IS15_5.0.5.0.0.5_softer_periodic_old.wcnf,1,60,True,0.0422385,0.045854,114658059944605.0,Host-NuWLS,NuWLS,False,True
generalized-ising_wt-IS16_5.0.5.0.0.5_softer_periodic_old.wcnf,1,60,True,0.0444084,1.46763,115258059944605.0,Host-NuWLS,NuWLS,False,True
generalized-ising_wt-IS17_5.0.5.0.0.5_softer_periodic_old.wcnf,1,60,True,0.0792015,0.185227,115902780531937.0,Host-NuWLS,NuWLS,False,True
generalized-ising_wt-IS20_5.0.5.0.0.5_softer_periodic_old.wcnf,1,60,True,0.0451212,0.0478173,119388436533633.0,Host-NuWLS,NuWLS,False,True
generalized-ising_wt-IS22_5.0.5.0.0.5_softer_periodic_old.wcnf,1,60,True,0.0459953,25.4575,119082223939873.0,Host-NuWLS,NuWLS,False,True
generalized-ising_wt-IS23_5.0.5.0.0.5_softer_periodic_old.wcnf,1,60,True,0.119292,0.162949,118669898946710.0,Host-NuWLS,NuWLS,False,True
generalized-ising_wt-IS3_5.0.5.0.0.5_softer_periodic_old.wcnf,1,60,True,0.0813044,11.8783,116825198407457.0,Host-NuWLS,NuWLS,False,True
generalized-ising_wt-IS4_5.0.5.0.0.5_softer_periodic_old.wcnf,1,60,True,0.194289,10.1855,116029668824275.0,Host-NuWLS,NuWLS,False,True
generalized-ising_wt-IS5_5.0.5.0.0.5_softer_periodic_old.wcnf,1,60,True,0.0799198,0.408954,115021199007239.0,Host-NuWLS,NuWLS,False,True
generalized-ising_wt-IS6_5.0.5.0.0.5_softer_periodic_old.wcnf,1,60,True,0.23536,13.0535,113944733329243.0,Host-NuWLS,NuWLS,False,True
generalized-ising_wt-IS7_5.0.5.0.0.5_softer_periodic_old.wcnf,1,60,True,0.041608,2.20331,112740955536223.0,Host-NuWLS,NuWLS,False,True
generalized-ising_wt-IS9_5.0.5.0.0.5_softer_periodic_old.wcnf,1,60,True,0.0603324,0.19203,110066981524169.0,Host-NuWLS,NuWLS,False,True
hs-timetabling_wt-BrazilInstance1.xml_old.wcnf,1,60,True,0.0907062,42.8046,117.0,Host-NuWLS,NuWLS,False,True
hs-timetabling_wt-BrazilInstance2.xml_old.wcnf,1,60,True,0.183881,50.8311,149.0,Host-NuWLS,NuWLS,False,True
hs-timetabling_wt-BrazilInstance4.xml_old.wcnf,1,60,False,,,,Host-NuWLS,NuWLS,False,False
hs-timetabling_wt-BrazilInstance5.xml_old.wcnf,1,60,True,0.424791,28.919,490.0,Host-NuWLS,NuWLS,False,True
hs-timetabling_wt-BrazilInstance6.xml_old.wcnf,1,60,True,0.633486,56.0732,546.0,Host-NuWLS,NuWLS,False,True
hs-timetabling_wt-BrazilInstance7.xml_old.wcnf,1,60,True,0.917968,49.8161,889.0,Host-NuWLS,NuWLS,False,True
hs-timetabling_wt-FinlandSecondarySchool.xml_old.wcnf,1,60,False,,,,Host-NuWLS,NuWLS,False,False
hs-timetabling_wt-ItalyInstance4.xml_old.wcnf,1,60,True,3.58451,13.6022,12143.0,Host-NuWLS,NuWLS,False,True
judgment-aggregation-ja-kemeny-preflib-00049-00000300_old.wcnf,1,60,True,0.179061,10.1946,776.0,Host-NuWLS,NuWLS,False,True
judgment-aggregation-ja-kemeny-preflib-00049-00000334_old.wcnf,1,60,True,0.0897964,10.9916,542.0,Host-NuWLS,NuWLS,False,True
judgment-aggregation-ja-kemeny-preflib-00049-00000451_old.wcnf,1,60,True,0.646631,20.9453,930.0,Host-NuWLS,NuWLS,False,True
judgment-aggregation-ja-kemeny-preflib-00049-00000454_old.wcnf,1,60,True,0.186992,10.8828,632.0,Host-NuWLS,NuWLS,False,True
judgment-aggregation-ja-kemeny-preflib-00051-00000011_old.wcnf,1,60,True,1.14691,52.3047,695.0,Host-NuWLS,NuWLS,False,True
max-realizability_wt-power-distribution_11_7_old.wcnf,1,60,True,0.350287,0.98039,126.0,Host-NuWLS,NuWLS,False,True
max-realizability_wt-power-distribution_12_8_old.wcnf,1,60,True,0.752612,1.22244,216.0,Host-NuWLS,NuWLS,False,True
max-realizability_wt-robot-navigation_10_old.wcnf,1,60,False,,,,Host-NuWLS,NuWLS,False,False
MaxSATQueriesinInterpretableClassifiers_wt-credit_train_8_CNF_5_20_old.wcnf,1,60,True,1.71418,45.517,96111.0,Host-NuWLS,NuWLS,False,True
MaxSATQueriesinInterpretableClassifiers_wt-pima_train_6_CNF_3_20_old.wcnf,1,60,True,0.0200156,12.587,2757.0,Host-NuWLS,NuWLS,False,True
MaxSATQueriesinInterpretableClassifiers_wt-toms_test_2_CNF_3_20_old.wcnf,1,60,True,0.395234,35.4311,174.0,Host-NuWLS,NuWLS,False,True
metro_wt-metro_8_8_5_20_10_6_500_1_3.lp.sm-extracted_old.wcnf,1,60,True,6.53298,10.6513,215.0,Host-NuWLS,NuWLS,False,True
MinimumWeightDominatingSetProblem_wt-bn-human-BNU_1_0025865_session_1-bg_old.wcnf,1,60,True,221.332,221.332,119428383.0,Host-NuWLS,NuWLS,False,True
MinimumWeightDominatingSetProblem_wt-channel-500x100x100-b050_old.wcnf,1,60,True,35.6671,35.6671,33348213.0,Host-NuWLS,NuWLS,False,True
MinimumWeightDominatingSetProblem_wt-delaunay_n24_old.wcnf,1,60,True,59.0216,59.0216,276432528.0,Host-NuWLS,NuWLS,False,True
MinimumWeightDominatingSetProblem_wt-hugebubbles-00020_old.wcnf,1,60,True,64.4877,64.4877,588544429.0,Host-NuWLS,NuWLS,False,True
MinimumWeightDominatingSetProblem_wt-inf-road-usa_old.wcnf,1,60,True,62.6408,62.6408,759720620.0,Host-NuWLS,NuWLS,False,True
MinimumWeightDominatingSetProblem_wt-rgg_n_2_24_s0_old.wcnf,1,60,True,109.045,109.045,54514898.0,Host-NuWLS,NuWLS,False,True
MinimumWeightDominatingSetProblem_wt-sc-rel9_old.wcnf,1,60,True,40.7487,50.0035,14350185.0,Host-NuWLS,NuWLS,False,True
MinimumWeightDominatingSetProblem_wt-soc-livejournal-user-groups_old.wcnf,1,60,False,,,,Host-NuWLS,NuWLS,False,False
MinimumWeightDominatingSetProblem_wt-web-wikipedia2009_old.wcnf,1,60,True,7.43874,60.0337,27073211.0,Host-NuWLS,NuWLS,False,True
mpe_wt-random-net-50-5_network-8.net_old.wcnf,1,60,True,0.019823,0.862566,46535.0,Host-NuWLS,NuWLS,False,True
ParametricRBACMaintenance_mse20_wt-role_domino_multiple_0.1_8_old.wcnf,1,60,True,1.15653,34.9311,38820.0,Host-NuWLS,NuWLS,False,True
ParametricRBACMaintenance_mse20_wt-role_domino_multiple_0.2_0_old.wcnf,1,60,True,1.29268,14.4785,66832.0,Host-NuWLS,NuWLS,False,True
ParametricRBACMaintenance_mse20_wt-role_domino_multiple_0.5_1_old.wcnf,1,60,True,1.26327,13.2642,142722.0,Host-NuWLS,NuWLS,False,True
ParametricRBACMaintenance_mse20_wt-role_domino_multiple_0.6_8_old.wcnf,1,60,True,1.1724,21.4861,159803.0,Host-NuWLS,NuWLS,False,True
ParametricRBACMaintenance_mse20_wt-role_smallcomp_multiple_0.7_2_old.wcnf,1,60,True,0.0124177,13.5286,277688.0,Host-NuWLS,NuWLS,False,True
ParametricRBACMaintenance_mse20_wt-role_smallcomp_multiple_0.7_6_old.wcnf,1,60,True,0.0676057,55.0867,252162.0,Host-NuWLS,NuWLS,False,True
ParametricRBACMaintenance_mse20_wt-role_smallcomp_multiple_0.8_1_old.wcnf,1,60,True,0.0728841,11.0603,350793.0,Host-NuWLS,NuWLS,False,True
ParametricRBACMaintenance_mse20_wt-role_smallcomp_multiple_0.9_6_old.wcnf,1,60,True,0.0318808,0.182685,282321.0,Host-NuWLS,NuWLS,False,True
ParametricRBACMaintenance_mse20_wt-role_university_multiple_0.1_1_old.wcnf,1,60,True,1.73035,27.9465,59217.0,Host-NuWLS,NuWLS,False,True
ParametricRBACMaintenance_mse20_wt-role_university_multiple_0.4_7_old.wcnf,1,60,True,2.43166,46.0269,189712.0,Host-NuWLS,NuWLS,False,True
ParametricRBACMaintenance_mse20_wt-role_university_multiple_0.5_4_old.wcnf,1,60,True,1.66869,37.9131,202345.0,Host-NuWLS,NuWLS,False,True
ParametricRBACMaintenance_mse20_wt-role_university_multiple_0.5_5_old.wcnf,1,60,True,1.88993,31.9436,182756.0,Host-NuWLS,NuWLS,False,True
ParametricRBACMaintenance_mse20_wt-role_university_multiple_0.5_7_old.wcnf,1,60,True,2.59853,57.9295,200617.0,Host-NuWLS,NuWLS,False,True
pseudoBoolean_wt-normalized-mps-v2-20-10-sentoy.opb.msat_old.wcnf,1,60,False,,,,Host-NuWLS,NuWLS,False,False
railway-transport_wt-bf2030fvslack_old.wcnf,1,60,False,,,,Host-NuWLS,NuWLS,False,False
railway-transport_wt-f2030_old.wcnf,1,60,True,6.2292,18.7796,4863.0,Host-NuWLS,NuWLS,False,True
railway-transport_wt-r11_old.wcnf,1,60,True,27.7594,36.7265,54951510.0,Host-NuWLS,NuWLS,False,True
railway-transport_wt-wg2_old.wcnf,1,60,True,5.46759,17.8215,168.0,Host-NuWLS,NuWLS,False,True
ramsey_wt-ram_k3_n14.ra1_old.wcnf,1,60,True,0.0314986,0.851112,3025.0,Host-NuWLS,NuWLS,False,True
ramsey_wt-ram_k3_n16.ra1_old.wcnf,1,60,True,0.0361053,0.126352,7271.0,Host-NuWLS,NuWLS,False,True
ramsey_wt-ram_k3_n19.ra1_old.wcnf,1,60,True,0.164503,26.8694,20665.0,Host-NuWLS,NuWLS,False,True
ramsey_wt-ram_k4_n19.ra1_old.wcnf,1,60,True,0.165493,49.8356,1226.0,Host-NuWLS,NuWLS,False,True
relational-inference_wt-pa-1_old.wcnf,1,60,True,2.84795,5.34677,8282.0,Host-NuWLS,NuWLS,False,True
relational-inference_wt-pa-2_old.wcnf,1,60,True,31.1353,31.2013,3093.0,Host-NuWLS,NuWLS,False,True
relational-inference_wt-pa-3_old.wcnf,1,60,True,26.312,46.8312,2967.0,Host-NuWLS,NuWLS,False,True
setcover_wt-rail2536_old.wcnf,1,60,False,,,,Host-NuWLS,NuWLS,False,False
setcover_wt-rail4284_old.wcnf,1,60,False,,,,Host-NuWLS,NuWLS,False,False
setcover_wt-rail4872_old.wcnf,1,60,False,,,,Host-NuWLS,NuWLS,False,False
setcover_wt-rail507_old.wcnf,1,60,True,3.06599,42.8391,221.0,Host-NuWLS,NuWLS,False,True
shiftdesign_wt-limits-10-10_data-1_inst-084_30m.sm-extracted_old.wcnf,1,60,False,,,,Host-NuWLS,NuWLS,False,False
shiftdesign_wt-limits-10-10_data-1_inst-137_30m.sm-extracted_old.wcnf,1,60,False,,,,Host-NuWLS,NuWLS,False,False
shiftdesign_wt-limits-10-10_data-1_inst-182_30m.sm-extracted_old.wcnf,1,60,False,,,,Host-NuWLS,NuWLS,False,False
shiftdesign_wt-limits-10-10_data-2_inst-003_30m.sm-extracted_old.wcnf,1,60,False,,,,Host-NuWLS,NuWLS,False,False
shiftdesign_wt-limits-10-10_data-2_inst-025_30m.sm-extracted_old.wcnf,1,60,False,,,,Host-NuWLS,NuWLS,False,False
shiftdesign_wt-limits-10-10_data-2_inst-030_30m.sm-extracted_old.wcnf,1,60,False,,,,Host-NuWLS,NuWLS,False,False
shiftdesign_wt-limits-10-10_data-3_inst-002_30m.sm-extracted_old.wcnf,1,60,False,,,,Host-NuWLS,NuWLS,False,False
shiftdesign_wt-limits-10-10_data-3_inst-003_30m.sm-extracted_old.wcnf,1,60,False,,,,Host-NuWLS,NuWLS,False,False
shiftdesign_wt-limits-10-10_data-4_inst-003_60m.sm-extracted_old.wcnf,1,60,False,,,,Host-NuWLS,NuWLS,False,False
spot5_wt-1401.wcsp.log_old.wcnf,1,60,True,0.0569957,0.470818,459106.0,Host-NuWLS,NuWLS,False,True
spot5_wt-1403.wcsp.dir_old.wcnf,1,60,True,0.18625,1.07245,459247.0,Host-NuWLS,NuWLS,False,True
spot5_wt-1403.wcsp.log_old.wcnf,1,60,True,0.491606,19.1812,459246.0,Host-NuWLS,NuWLS,False,True
spot5_wt-1405.wcsp.dir_old.wcnf,1,60,True,0.404656,38.6052,459419.0,Host-NuWLS,NuWLS,False,True
spot5_wt-1506.wcsp.log_old.wcnf,1,60,True,0.800208,34.245,354524.0,Host-NuWLS,NuWLS,False,True
spot5_wt-5.wcsp.log_old.wcnf,1,60,True,0.290107,0.523397,261.0,Host-NuWLS,NuWLS,False,True
staff-scheduling_wt-instance10_old.wcnf,1,60,True,2.21264,58.388,6550.0,Host-NuWLS,NuWLS,False,True
staff-scheduling_wt-instance11_old.wcnf,1,60,True,0.67277,23.7661,3653.0,Host-NuWLS,NuWLS,False,True
staff-scheduling_wt-instance12_old.wcnf,1,60,True,1.68381,58.4336,7138.0,Host-NuWLS,NuWLS,False,True
staff-scheduling_wt-instance2_old.wcnf,1,60,True,0.0190913,3.64037,838.0,Host-NuWLS,NuWLS,False,True
staff-scheduling_wt-instance3_old.wcnf,1,60,True,0.0397178,15.5957,1026.0,Host-NuWLS,NuWLS,False,True
staff-scheduling_wt-instance4_old.wcnf,1,60,True,0.0230035,42.2279,1740.0,Host-NuWLS,NuWLS,False,True
staff-scheduling_wt-instance5_old.wcnf,1,60,True,0.0541059,25.8683,1287.0,Host-NuWLS,NuWLS,False,True
staff-scheduling_wt-instance6_old.wcnf,1,60,True,0.0708429,10.7592,2081.0,Host-NuWLS,NuWLS,False,True
staff-scheduling_wt-instance7_old.wcnf,1,60,True,0.102017,46.764,1178.0,Host-NuWLS,NuWLS,False,True
staff-scheduling_wt-instance8_old.wcnf,1,60,True,0.28588,18.5495,2848.0,Host-NuWLS,NuWLS,False,True
staff-scheduling_wt-instance9_old.wcnf,1,60,True,1.53635,59.7984,2142.0,Host-NuWLS,NuWLS,False,True
switchingactivitymaximization-SwitchingActivityMaximization_OpenRISC1200_100_old.wcnf,1,60,False,,,,Host-NuWLS,NuWLS,False,False
switchingactivitymaximization-SwitchingActivityMaximization_OpenRISC1200_150_old.wcnf,1,60,False,,,,Host-NuWLS,NuWLS,False,False
switchingactivitymaximization-SwitchingActivityMaximization_OpenRISC1200_200_old.wcnf,1,60,False,,,,Host-NuWLS,NuWLS,False,False
switchingactivitymaximization-SwitchingActivityMaximization_OpenRISC1200_66_old.wcnf,1,60,False,,,,Host-NuWLS,NuWLS,False,False
switchingactivitymaximization-SwitchingActivityMaximization_OpenRISC1200_68_old.wcnf,1,60,False,,,,Host-NuWLS,NuWLS,False,False
switchingactivitymaximization-SwitchingActivityMaximization_OpenRISC1200_70_old.wcnf,1,60,False,,,,Host-NuWLS,NuWLS,False,False
switchingactivitymaximization-SwitchingActivityMaximization_OpenRISC1200_72_old.wcnf,1,60,False,,,,Host-NuWLS,NuWLS,False,False
switchingactivitymaximization-SwitchingActivityMaximization_OpenRISC1200_80_old.wcnf,1,60,False,,,,Host-NuWLS,NuWLS,False,False
switchingactivitymaximization-SwitchingActivityMaximization_OpenRISC1200_90_old.wcnf,1,60,False,,,,Host-NuWLS,NuWLS,False,False
tcp_wt-tcp_students_112_it_2_old.wcnf,1,60,True,0.174518,44.0326,3699.0,Host-NuWLS,NuWLS,False,True
timetabling_wt-comp02_old.wcnf,1,60,True,0.504577,7.9037,136.0,Host-NuWLS,NuWLS,False,True
timetabling_wt-comp09_old.wcnf,1,60,True,0.443086,26.2456,135.0,Host-NuWLS,NuWLS,False,True
timetabling_wt-comp12_old.wcnf,1,60,True,0.378638,59.5934,555.0,Host-NuWLS,NuWLS,False,True
timetabling_wt-dds4_old.wcnf,1,60,False,,,,Host-NuWLS,NuWLS,False,False
abstraction-refinement_wt-downcast-antlr_old.wcnf,1,60,False,,,,SCOPE-MaxSAT,NuWLS,True,False
abstraction-refinement_wt-downcast-avrora_old.wcnf,1,60,True,57.135839,57.135839,52209.0,SCOPE-MaxSAT,NuWLS,True,True
abstraction-refinement_wt-downcast-hsqldb_old.wcnf,1,60,False,,,,SCOPE-MaxSAT,NuWLS,True,False
abstraction-refinement_wt-downcast-pmd_old.wcnf,1,60,False,,,,SCOPE-MaxSAT,NuWLS,True,False
abstraction-refinement_wt-downcast-xalan_old.wcnf,1,60,True,63.890466,63.890466,70055.0,SCOPE-MaxSAT,NuWLS,True,True
abstraction-refinement_wt-polysite-avrora_old.wcnf,1,60,True,58.810435,58.810435,57355.0,SCOPE-MaxSAT,NuWLS,True,True
abstraction-refinement_wt-polysite-bloat_old.wcnf,1,60,False,,,,SCOPE-MaxSAT,NuWLS,True,False
abstraction-refinement_wt-polysite-hsqldb_old.wcnf,1,60,False,,,,SCOPE-MaxSAT,NuWLS,True,False
abstraction-refinement_wt-polysite-pmd_old.wcnf,1,60,False,,,,SCOPE-MaxSAT,NuWLS,True,False
abstraction-refinement_wt-polysite-xalan_old.wcnf,1,60,False,,,,SCOPE-MaxSAT,NuWLS,True,False
causal-discovery_wt-causal_alarm_9_1000_old.wcnf,1,60,True,7.354794,16.764458,36049513.0,SCOPE-MaxSAT,NuWLS,True,True
causal-discovery_wt-causal_carpo_8_1000_old.wcnf,1,60,True,2.640818,6.674115,3556961.0,SCOPE-MaxSAT,NuWLS,True,True
causal-discovery_wt-causal_Link_10_10000_old.wcnf,1,60,True,19.643682,31.391682,39112847.0,SCOPE-MaxSAT,NuWLS,True,True
causal-discovery_wt-causal_Link_10_1000_old.wcnf,1,60,True,19.468833,46.339703,33562494.0,SCOPE-MaxSAT,NuWLS,True,True
causal-discovery_wt-causal_Link_9_100_old.wcnf,1,60,True,6.666355,6.666355,3242187.0,SCOPE-MaxSAT,NuWLS,True,True
causal-discovery_wt-causal_Mushroom_7_1000_old.wcnf,1,60,True,0.90806,20.04854,9414169.0,SCOPE-MaxSAT,NuWLS,True,True
causal-discovery_wt-causal_Pigs_6_1000_old.wcnf,1,60,True,2.402119,2.402119,35110976.0,SCOPE-MaxSAT,NuWLS,True,True
causal-discovery_wt-causal_Water_10_1000_old.wcnf,1,60,True,19.512687,28.346127,45193159.0,SCOPE-MaxSAT,NuWLS,True,True
correlation-clustering_wt-Rounded_CorrelationClustering_Ionosphere_BINARY_N260_D0.200_old.wcnf,1,60,True,2.510612,10.26573,7014701.0,SCOPE-MaxSAT,NuWLS,True,True
correlation-clustering_wt-Rounded_CorrelationClustering_Protein1_UNARY_N290_old.wcnf,1,60,True,21.001309,21.001309,33957845.0,SCOPE-MaxSAT,NuWLS,True,True
correlation-clustering_wt-Rounded_CorrelationClustering_Protein2_BINARY_N220_old.wcnf,1,60,True,0.863185,9.338925,14004102.0,SCOPE-MaxSAT,NuWLS,True,True
correlation-clustering_wt-Rounded_CorrelationClustering_Protein2_BINARY_N240_old.wcnf,1,60,True,1.022998,9.535558,16116883.0,SCOPE-MaxSAT,NuWLS,True,True
correlation-clustering_wt-Rounded_CorrelationClustering_Protein2_BINARY_N380_old.wcnf,1,60,True,2.645527,14.573822,39198852.0,SCOPE-MaxSAT,NuWLS,True,True
correlation-clustering_wt-Rounded_CorrelationClustering_Protein2_UNARY_N220_old.wcnf,1,60,True,11.473736,11.473736,23179718.0,SCOPE-MaxSAT,NuWLS,True,True
correlation-clustering_wt-Rounded_CorrelationClustering_Protein3_TRANSITIVE_N280_old.wcnf,1,60,True,60.337539,60.337539,198654734.0,SCOPE-MaxSAT,NuWLS,True,True
correlation-clustering_wt-Rounded_CorrelationClustering_Protein3_UNARY_N220_old.wcnf,1,60,True,11.182149,11.182149,25805511.0,SCOPE-MaxSAT,NuWLS,True,True
correlation-clustering_wt-Rounded_CorrelationClustering_Protein4_BINARY_N320_old.wcnf,1,60,True,1.067043,8.98313,14733167.0,SCOPE-MaxSAT,NuWLS,True,True
correlation-clustering_wt-Rounded_CorrelationClustering_Protein4_UNARY_N250_old.wcnf,1,60,True,9.943174,9.943174,20419164.0,SCOPE-MaxSAT,NuWLS,True,True
correlation-clustering_wt-Rounded_CorrelationClustering_Vowel_BINARY_N700_D0.200_old.wcnf,1,60,True,10.676336,10.676336,822078090.0,SCOPE-MaxSAT,NuWLS,True,True
correlation-clustering_wt-Rounded_CorrelationClustering_Vowel_BINARY_N800_D0.200_old.wcnf,1,60,True,14.883397,14.883397,1169882030.0,SCOPE-MaxSAT,NuWLS,True,True
decision-tree-anneal-un-formula_0.8_2021_atleast_31_max-4_reduced_incomplete_adaboost_3_old.wcnf,1,60,True,4.045304,5.650814,355.0,SCOPE-MaxSAT,NuWLS,True,True
decision-tree-anneal-un-formula_0.8_2021_atleast_31_max-4_reduced_incomplete_adaboost_5_old.wcnf,1,60,True,3.989623,10.739783,762.0,SCOPE-MaxSAT,NuWLS,True,True
decision-tree-australian-credit-un-formula_0.8_2021_atleast_31_max-4_reduced_incomplete_adaboost_5_old.wcnf,1,60,True,3.590071,3.590071,599.0,SCOPE-MaxSAT,NuWLS,True,True
decision-tree-heart-cleveland-un-formula_0.8_2021_atleast_127_max-6_reduced_incomplete_adaboost_2_old.wcnf,1,60,True,39.252411,39.252411,139.0,SCOPE-MaxSAT,NuWLS,True,True
decision-tree-heart-cleveland-un-formula_0.8_2021_atleast_15_max-3_reduced_incomplete_adaboost_4_old.wcnf,1,60,True,0.945437,1.134055,138.0,SCOPE-MaxSAT,NuWLS,True,True
decision-tree-heart-cleveland-un-formula_0.8_2021_atleast_31_max-4_reduced_incomplete_adaboost_4_old.wcnf,1,60,True,3.093676,3.387507,146.0,SCOPE-MaxSAT,NuWLS,True,True
decision-tree-heart-cleveland-un-formula_0.8_2021_atleast_31_max-4_reduced_incomplete_adaboost_6_old.wcnf,1,60,True,3.180911,3.879232,240.0,SCOPE-MaxSAT,NuWLS,True,True
decision-tree-primary-tumor-un-formula_0.8_2021_atleast_127_max-6_reduced_incomplete_adaboost_2_old.wcnf,1,60,True,15.758042,28.671482,120.0,SCOPE-MaxSAT,NuWLS,True,True
decision-tree-primary-tumor-un-formula_0.8_2021_atleast_127_max-6_reduced_incomplete_adaboost_4_old.wcnf,1,60,True,14.666058,14.666058,269.0,SCOPE-MaxSAT,NuWLS,True,True
decision-tree-primary-tumor-un-formula_0.8_2021_atleast_15_max-3_reduced_incomplete_adaboost_2_old.wcnf,1,60,True,0.381654,5.142681,84.0,SCOPE-MaxSAT,NuWLS,True,True
decision-tree-primary-tumor-un-formula_0.8_2021_atleast_31_max-4_reduced_incomplete_adaboost_4_old.wcnf,1,60,True,1.186046,5.10613,155.0,SCOPE-MaxSAT,NuWLS,True,True
decision-tree-primary-tumor-un-formula_0.8_2021_atleast_63_max-5_reduced_incomplete_adaboost_6_old.wcnf,1,60,True,3.661059,3.661059,396.0,SCOPE-MaxSAT,NuWLS,True,True
decision-tree-tic-tac-toe-un-formula_0.8_2021_atleast_15_max-3_reduced_incomplete_adaboost_2_old.wcnf,1,60,True,0.638475,0.786737,335.0,SCOPE-MaxSAT,NuWLS,True,True
decision-tree-tic-tac-toe-un-formula_0.8_2021_atleast_15_max-3_reduced_incomplete_adaboost_3_old.wcnf,1,60,True,0.666835,0.743974,443.0,SCOPE-MaxSAT,NuWLS,True,True
decision-tree-tic-tac-toe-un-formula_0.8_2021_atleast_31_max-4_reduced_incomplete_adaboost_2_old.wcnf,1,60,True,1.550887,1.550887,286.0,SCOPE-MaxSAT,NuWLS,True,True
drmx-cryptogen_wt-geffe128_7_old.wcnf,1,60,True,0.054837,30.741414,811.0,SCOPE-MaxSAT,NuWLS,True,True
generalized-ising_wt-IS11_5.0.5.0.0.5_softer_periodic_old.wcnf,1,60,True,0.344074,0.972357,112229069992697.0,SCOPE-MaxSAT,NuWLS,True,True
generalized-ising_wt-IS12_5.0.5.0.0.5_softer_periodic_old.wcnf,1,60,True,0.35039,0.357927,113171466486232.0,SCOPE-MaxSAT,NuWLS,True,True
generalized-ising_wt-IS13_5.0.5.0.0.5_softer_periodic_old.wcnf,1,60,True,0.347799,0.353088,119401387482250.0,SCOPE-MaxSAT,NuWLS,True,True
generalized-ising_wt-IS15_5.0.5.0.0.5_softer_periodic_old.wcnf,1,60,True,0.34928,0.354721,114658059944605.0,SCOPE-MaxSAT,NuWLS,True,True
generalized-ising_wt-IS16_5.0.5.0.0.5_softer_periodic_old.wcnf,1,60,True,0.349571,6.439259,115258059944605.0,SCOPE-MaxSAT,NuWLS,True,True
generalized-ising_wt-IS17_5.0.5.0.0.5_softer_periodic_old.wcnf,1,60,True,0.349065,15.202091,115902780531937.0,SCOPE-MaxSAT,NuWLS,True,True
generalized-ising_wt-IS20_5.0.5.0.0.5_softer_periodic_old.wcnf,1,60,True,0.350719,0.392588,119388436533623.0,SCOPE-MaxSAT,NuWLS,True,True
generalized-ising_wt-IS22_5.0.5.0.0.5_softer_periodic_old.wcnf,1,60,True,0.349629,0.361653,119112776308211.0,SCOPE-MaxSAT,NuWLS,True,True
generalized-ising_wt-IS23_5.0.5.0.0.5_softer_periodic_old.wcnf,1,60,True,0.346248,0.409227,118663520151734.0,SCOPE-MaxSAT,NuWLS,True,True
generalized-ising_wt-IS3_5.0.5.0.0.5_softer_periodic_old.wcnf,1,60,True,0.344244,6.96988,116804575996363.0,SCOPE-MaxSAT,NuWLS,True,True
generalized-ising_wt-IS4_5.0.5.0.0.5_softer_periodic_old.wcnf,1,60,True,0.345019,0.385611,115857504490177.0,SCOPE-MaxSAT,NuWLS,True,True
generalized-ising_wt-IS5_5.0.5.0.0.5_softer_periodic_old.wcnf,1,60,True,0.348324,0.848203,114843630201223.0,SCOPE-MaxSAT,NuWLS,True,True
generalized-ising_wt-IS6_5.0.5.0.0.5_softer_periodic_old.wcnf,1,60,True,0.347136,0.422211,113797656078091.0,SCOPE-MaxSAT,NuWLS,True,True
generalized-ising_wt-IS7_5.0.5.0.0.5_softer_periodic_old.wcnf,1,60,True,0.345554,0.378365,112706601923009.0,SCOPE-MaxSAT,NuWLS,True,True
generalized-ising_wt-IS9_5.0.5.0.0.5_softer_periodic_old.wcnf,1,60,True,0.343947,0.383158,110066981524169.0,SCOPE-MaxSAT,NuWLS,True,True
hs-timetabling_wt-BrazilInstance1.xml_old.wcnf,1,60,True,0.232227,45.694076,117.0,SCOPE-MaxSAT,NuWLS,True,True
hs-timetabling_wt-BrazilInstance2.xml_old.wcnf,1,60,True,0.562767,54.195781,149.0,SCOPE-MaxSAT,NuWLS,True,True
hs-timetabling_wt-BrazilInstance4.xml_old.wcnf,1,60,True,2.49711,2.49711,267.0,SCOPE-MaxSAT,NuWLS,True,True
hs-timetabling_wt-BrazilInstance5.xml_old.wcnf,1,60,True,1.329168,31.425014,490.0,SCOPE-MaxSAT,NuWLS,True,True
hs-timetabling_wt-BrazilInstance6.xml_old.wcnf,1,60,True,1.653271,59.577462,546.0,SCOPE-MaxSAT,NuWLS,True,True
hs-timetabling_wt-BrazilInstance7.xml_old.wcnf,1,60,True,2.283965,52.517275,889.0,SCOPE-MaxSAT,NuWLS,True,True
hs-timetabling_wt-FinlandSecondarySchool.xml_old.wcnf,1,60,True,4.627051,4.627051,817.0,SCOPE-MaxSAT,NuWLS,True,True
hs-timetabling_wt-ItalyInstance4.xml_old.wcnf,1,60,True,16.981235,26.938925,12143.0,SCOPE-MaxSAT,NuWLS,True,True
judgment-aggregation-ja-kemeny-preflib-00049-00000300_old.wcnf,1,60,True,1.657388,46.674825,793.0,SCOPE-MaxSAT,NuWLS,True,True
judgment-aggregation-ja-kemeny-preflib-00049-00000334_old.wcnf,1,60,True,0.849051,56.610104,612.0,SCOPE-MaxSAT,NuWLS,True,True
judgment-aggregation-ja-kemeny-preflib-00049-00000451_old.wcnf,1,60,True,6.298813,52.993076,1020.0,SCOPE-MaxSAT,NuWLS,True,True
judgment-aggregation-ja-kemeny-preflib-00049-00000454_old.wcnf,1,60,True,2.065687,56.932578,715.0,SCOPE-MaxSAT,NuWLS,True,True
judgment-aggregation-ja-kemeny-preflib-00051-00000011_old.wcnf,1,60,True,9.429835,46.120449,786.0,SCOPE-MaxSAT,NuWLS,True,True
max-realizability_wt-power-distribution_11_7_old.wcnf,1,60,True,2.481565,3.135521,126.0,SCOPE-MaxSAT,NuWLS,True,True
max-realizability_wt-power-distribution_12_8_old.wcnf,1,60,True,5.10995,5.592167,216.0,SCOPE-MaxSAT,NuWLS,True,True
max-realizability_wt-robot-navigation_10_old.wcnf,1,60,True,16.996507,16.996507,39.0,SCOPE-MaxSAT,NuWLS,True,True
MaxSATQueriesinInterpretableClassifiers_wt-credit_train_8_CNF_5_20_old.wcnf,1,60,True,11.665247,41.087882,96480.0,SCOPE-MaxSAT,NuWLS,True,True
MaxSATQueriesinInterpretableClassifiers_wt-pima_train_6_CNF_3_20_old.wcnf,1,60,True,0.062806,36.126343,3310.0,SCOPE-MaxSAT,NuWLS,True,True
MaxSATQueriesinInterpretableClassifiers_wt-toms_test_2_CNF_3_20_old.wcnf,1,60,True,3.373629,3.521947,1003.0,SCOPE-MaxSAT,NuWLS,True,True
metro_wt-metro_8_8_5_20_10_6_500_1_3.lp.sm-extracted_old.wcnf,1,60,True,7.682206,12.123496,215.0,SCOPE-MaxSAT,NuWLS,True,True
MinimumWeightDominatingSetProblem_wt-bn-human-BNU_1_0025865_session_1-bg_old.wcnf,1,60,True,20.419077,20.419077,140539244.0,SCOPE-MaxSAT,NuWLS,True,True
MinimumWeightDominatingSetProblem_wt-channel-500x100x100-b050_old.wcnf,1,60,True,55.533221,55.533221,482601000.0,SCOPE-MaxSAT,NuWLS,True,True
MinimumWeightDominatingSetProblem_wt-delaunay_n24_old.wcnf,1,60,False,,,,SCOPE-MaxSAT,NuWLS,True,False
MinimumWeightDominatingSetProblem_wt-hugebubbles-00020_old.wcnf,1,60,False,,,,SCOPE-MaxSAT,NuWLS,True,False
MinimumWeightDominatingSetProblem_wt-inf-road-usa_old.wcnf,1,60,False,,,,SCOPE-MaxSAT,NuWLS,True,False
MinimumWeightDominatingSetProblem_wt-rgg_n_2_24_s0_old.wcnf,1,60,False,,,,SCOPE-MaxSAT,NuWLS,True,False
MinimumWeightDominatingSetProblem_wt-sc-rel9_old.wcnf,1,60,False,,,,SCOPE-MaxSAT,NuWLS,True,False
MinimumWeightDominatingSetProblem_wt-soc-livejournal-user-groups_old.wcnf,1,60,False,,,,SCOPE-MaxSAT,NuWLS,True,False
MinimumWeightDominatingSetProblem_wt-web-wikipedia2009_old.wcnf,1,60,True,26.565377,60.396897,178897308.0,SCOPE-MaxSAT,NuWLS,True,True
mpe_wt-random-net-50-5_network-8.net_old.wcnf,1,60,True,0.079226,34.427323,48330.0,SCOPE-MaxSAT,NuWLS,True,True
ParametricRBACMaintenance_mse20_wt-role_domino_multiple_0.1_8_old.wcnf,1,60,True,12.235154,52.722526,90826.0,SCOPE-MaxSAT,NuWLS,True,True
ParametricRBACMaintenance_mse20_wt-role_domino_multiple_0.2_0_old.wcnf,1,60,True,13.137576,58.291018,175408.0,SCOPE-MaxSAT,NuWLS,True,True
ParametricRBACMaintenance_mse20_wt-role_domino_multiple_0.5_1_old.wcnf,1,60,True,12.474712,56.46159,393235.0,SCOPE-MaxSAT,NuWLS,True,True
ParametricRBACMaintenance_mse20_wt-role_domino_multiple_0.6_8_old.wcnf,1,60,True,12.156239,46.919561,473099.0,SCOPE-MaxSAT,NuWLS,True,True
ParametricRBACMaintenance_mse20_wt-role_smallcomp_multiple_0.7_2_old.wcnf,1,60,True,12.567949,18.766322,277499.0,SCOPE-MaxSAT,NuWLS,True,True
ParametricRBACMaintenance_mse20_wt-role_smallcomp_multiple_0.7_6_old.wcnf,1,60,True,0.066103,3.815827,252179.0,SCOPE-MaxSAT,NuWLS,True,True
ParametricRBACMaintenance_mse20_wt-role_smallcomp_multiple_0.8_1_old.wcnf,1,60,True,0.061775,11.251694,350793.0,SCOPE-MaxSAT,NuWLS,True,True
ParametricRBACMaintenance_mse20_wt-role_smallcomp_multiple_0.9_6_old.wcnf,1,60,True,0.065961,0.219806,282321.0,SCOPE-MaxSAT,NuWLS,True,True
ParametricRBACMaintenance_mse20_wt-role_university_multiple_0.1_1_old.wcnf,1,60,True,15.735897,59.890337,130785.0,SCOPE-MaxSAT,NuWLS,True,True
ParametricRBACMaintenance_mse20_wt-role_university_multiple_0.4_7_old.wcnf,1,60,True,20.872704,58.767964,404252.0,SCOPE-MaxSAT,NuWLS,True,True
ParametricRBACMaintenance_mse20_wt-role_university_multiple_0.5_4_old.wcnf,1,60,True,14.659313,59.342803,482514.0,SCOPE-MaxSAT,NuWLS,True,True
ParametricRBACMaintenance_mse20_wt-role_university_multiple_0.5_5_old.wcnf,1,60,True,16.807005,59.793955,466482.0,SCOPE-MaxSAT,NuWLS,True,True
ParametricRBACMaintenance_mse20_wt-role_university_multiple_0.5_7_old.wcnf,1,60,True,20.90727,58.95689,492547.0,SCOPE-MaxSAT,NuWLS,True,True
pseudoBoolean_wt-normalized-mps-v2-20-10-sentoy.opb.msat_old.wcnf,1,60,True,0.50074,0.50074,9460.0,SCOPE-MaxSAT,NuWLS,True,True
railway-transport_wt-bf2030fvslack_old.wcnf,1,60,False,,,,SCOPE-MaxSAT,NuWLS,True,False
railway-transport_wt-f2030_old.wcnf,1,60,True,14.75855,58.48921,7029.0,SCOPE-MaxSAT,NuWLS,True,True
railway-transport_wt-r11_old.wcnf,1,60,False,,,,SCOPE-MaxSAT,NuWLS,True,False
railway-transport_wt-wg2_old.wcnf,1,60,True,27.675311,55.401121,866.0,SCOPE-MaxSAT,NuWLS,True,True
ramsey_wt-ram_k3_n14.ra1_old.wcnf,1,60,True,0.010052,0.517793,3025.0,SCOPE-MaxSAT,NuWLS,True,True
ramsey_wt-ram_k3_n16.ra1_old.wcnf,1,60,True,0.016224,0.472539,7271.0,SCOPE-MaxSAT,NuWLS,True,True
ramsey_wt-ram_k3_n19.ra1_old.wcnf,1,60,True,0.030612,1.25684,20665.0,SCOPE-MaxSAT,NuWLS,True,True
ramsey_wt-ram_k4_n19.ra1_old.wcnf,1,60,True,0.047545,8.304188,1240.0,SCOPE-MaxSAT,NuWLS,True,True
relational-inference_wt-pa-1_old.wcnf,1,60,True,18.6966,21.15719,8282.0,SCOPE-MaxSAT,NuWLS,True,True
relational-inference_wt-pa-2_old.wcnf,1,60,False,,,,SCOPE-MaxSAT,NuWLS,True,False
relational-inference_wt-pa-3_old.wcnf,1,60,False,,,,SCOPE-MaxSAT,NuWLS,True,False
setcover_wt-rail2536_old.wcnf,1,60,True,6.354505,6.354505,2147034.0,SCOPE-MaxSAT,NuWLS,True,True
setcover_wt-rail4284_old.wcnf,1,60,True,6.43151,6.43151,2119198.0,SCOPE-MaxSAT,NuWLS,True,True
setcover_wt-rail4872_old.wcnf,1,60,True,5.694736,5.694736,1873139.0,SCOPE-MaxSAT,NuWLS,True,True
setcover_wt-rail507_old.wcnf,1,60,True,15.792045,42.685465,220.0,SCOPE-MaxSAT,NuWLS,True,True
shiftdesign_wt-limits-10-10_data-1_inst-084_30m.sm-extracted_old.wcnf,1,60,False,,,,SCOPE-MaxSAT,NuWLS,True,False
shiftdesign_wt-limits-10-10_data-1_inst-137_30m.sm-extracted_old.wcnf,1,60,True,44.754002,44.754002,17244442.0,SCOPE-MaxSAT,NuWLS,True,True
shiftdesign_wt-limits-10-10_data-1_inst-182_30m.sm-extracted_old.wcnf,1,60,False,,,,SCOPE-MaxSAT,NuWLS,True,False
shiftdesign_wt-limits-10-10_data-2_inst-003_30m.sm-extracted_old.wcnf,1,60,False,,,,SCOPE-MaxSAT,NuWLS,True,False
shiftdesign_wt-limits-10-10_data-2_inst-025_30m.sm-extracted_old.wcnf,1,60,False,,,,SCOPE-MaxSAT,NuWLS,True,False
shiftdesign_wt-limits-10-10_data-2_inst-030_30m.sm-extracted_old.wcnf,1,60,False,,,,SCOPE-MaxSAT,NuWLS,True,False
shiftdesign_wt-limits-10-10_data-3_inst-002_30m.sm-extracted_old.wcnf,1,60,False,,,,SCOPE-MaxSAT,NuWLS,True,False
shiftdesign_wt-limits-10-10_data-3_inst-003_30m.sm-extracted_old.wcnf,1,60,True,56.027021,56.027021,28190618.0,SCOPE-MaxSAT,NuWLS,True,True
shiftdesign_wt-limits-10-10_data-4_inst-003_60m.sm-extracted_old.wcnf,1,60,False,,,,SCOPE-MaxSAT,NuWLS,True,False
spot5_wt-1401.wcsp.log_old.wcnf,1,60,True,0.09552,7.746173,468096.0,SCOPE-MaxSAT,NuWLS,True,True
spot5_wt-1403.wcsp.dir_old.wcnf,1,60,True,0.118575,0.192045,477264.0,SCOPE-MaxSAT,NuWLS,True,True
spot5_wt-1403.wcsp.log_old.wcnf,1,60,True,0.121091,36.185616,469238.0,SCOPE-MaxSAT,NuWLS,True,True
spot5_wt-1405.wcsp.dir_old.wcnf,1,60,True,0.180453,0.385116,475458.0,SCOPE-MaxSAT,NuWLS,True,True
spot5_wt-1506.wcsp.log_old.wcnf,1,60,True,0.152708,35.789987,360527.0,SCOPE-MaxSAT,NuWLS,True,True
spot5_wt-5.wcsp.log_old.wcnf,1,60,True,0.08992,0.095901,270.0,SCOPE-MaxSAT,NuWLS,True,True
staff-scheduling_wt-instance10_old.wcnf,1,60,True,11.557662,44.433822,6625.0,SCOPE-MaxSAT,NuWLS,True,True
staff-scheduling_wt-instance11_old.wcnf,1,60,True,6.09215,28.473398,3653.0,SCOPE-MaxSAT,NuWLS,True,True
staff-scheduling_wt-instance12_old.wcnf,1,60,True,15.623488,24.322278,7671.0,SCOPE-MaxSAT,NuWLS,True,True
staff-scheduling_wt-instance2_old.wcnf,1,60,True,0.108088,4.089842,838.0,SCOPE-MaxSAT,NuWLS,True,True
staff-scheduling_wt-instance3_old.wcnf,1,60,True,0.305231,16.907248,1026.0,SCOPE-MaxSAT,NuWLS,True,True
staff-scheduling_wt-instance4_old.wcnf,1,60,True,0.162042,45.867796,1740.0,SCOPE-MaxSAT,NuWLS,True,True
staff-scheduling_wt-instance5_old.wcnf,1,60,True,0.404958,28.164358,1287.0,SCOPE-MaxSAT,NuWLS,True,True
staff-scheduling_wt-instance6_old.wcnf,1,60,True,0.534905,11.848929,2081.0,SCOPE-MaxSAT,NuWLS,True,True
staff-scheduling_wt-instance7_old.wcnf,1,60,True,0.694379,49.563165,1178.0,SCOPE-MaxSAT,NuWLS,True,True
staff-scheduling_wt-instance8_old.wcnf,1,60,True,2.242784,21.645004,2848.0,SCOPE-MaxSAT,NuWLS,True,True
staff-scheduling_wt-instance9_old.wcnf,1,60,True,7.754975,48.489631,2161.0,SCOPE-MaxSAT,NuWLS,True,True
switchingactivitymaximization-SwitchingActivityMaximization_OpenRISC1200_100_old.wcnf,1,60,True,11.190034,11.190034,392.0,SCOPE-MaxSAT,NuWLS,True,True
switchingactivitymaximization-SwitchingActivityMaximization_OpenRISC1200_150_old.wcnf,1,60,True,11.202068,11.202068,528.0,SCOPE-MaxSAT,NuWLS,True,True
switchingactivitymaximization-SwitchingActivityMaximization_OpenRISC1200_200_old.wcnf,1,60,True,11.15922,11.15922,602.0,SCOPE-MaxSAT,NuWLS,True,True
switchingactivitymaximization-SwitchingActivityMaximization_OpenRISC1200_66_old.wcnf,1,60,True,10.952733,10.952733,228.0,SCOPE-MaxSAT,NuWLS,True,True
switchingactivitymaximization-SwitchingActivityMaximization_OpenRISC1200_68_old.wcnf,1,60,True,11.097658,11.097658,193.0,SCOPE-MaxSAT,NuWLS,True,True
switchingactivitymaximization-SwitchingActivityMaximization_OpenRISC1200_70_old.wcnf,1,60,True,11.095625,11.095625,240.0,SCOPE-MaxSAT,NuWLS,True,True
switchingactivitymaximization-SwitchingActivityMaximization_OpenRISC1200_72_old.wcnf,1,60,True,11.088043,11.088043,202.0,SCOPE-MaxSAT,NuWLS,True,True
switchingactivitymaximization-SwitchingActivityMaximization_OpenRISC1200_80_old.wcnf,1,60,True,11.11099,11.11099,306.0,SCOPE-MaxSAT,NuWLS,True,True
switchingactivitymaximization-SwitchingActivityMaximization_OpenRISC1200_90_old.wcnf,1,60,True,10.927946,10.927946,283.0,SCOPE-MaxSAT,NuWLS,True,True
tcp_wt-tcp_students_112_it_2_old.wcnf,1,60,True,1.524085,48.832239,3699.0,SCOPE-MaxSAT,NuWLS,True,True
timetabling_wt-comp02_old.wcnf,1,60,True,4.023963,12.027212,136.0,SCOPE-MaxSAT,NuWLS,True,True
timetabling_wt-comp09_old.wcnf,1,60,True,4.15149,31.669617,135.0,SCOPE-MaxSAT,NuWLS,True,True
timetabling_wt-comp12_old.wcnf,1,60,True,3.215028,33.258181,560.0,SCOPE-MaxSAT,NuWLS,True,True
timetabling_wt-dds4_old.wcnf,1,60,False,,,,SCOPE-MaxSAT,NuWLS,True,False
abstraction-refinement_wt-downcast-antlr_old.wcnf,1,60,False,,,,Host-CCEHC,CCEHC,False,False
abstraction-refinement_wt-downcast-avrora_old.wcnf,1,60,False,,,,Host-CCEHC,CCEHC,False,False
abstraction-refinement_wt-downcast-hsqldb_old.wcnf,1,60,False,,,,Host-CCEHC,CCEHC,False,False
abstraction-refinement_wt-downcast-pmd_old.wcnf,1,60,False,,,,Host-CCEHC,CCEHC,False,False
abstraction-refinement_wt-downcast-xalan_old.wcnf,1,60,False,,,,Host-CCEHC,CCEHC,False,False
abstraction-refinement_wt-polysite-avrora_old.wcnf,1,60,False,,,,Host-CCEHC,CCEHC,False,False
abstraction-refinement_wt-polysite-bloat_old.wcnf,1,60,False,,,,Host-CCEHC,CCEHC,False,False
abstraction-refinement_wt-polysite-hsqldb_old.wcnf,1,60,False,,,,Host-CCEHC,CCEHC,False,False
abstraction-refinement_wt-polysite-pmd_old.wcnf,1,60,False,,,,Host-CCEHC,CCEHC,False,False
abstraction-refinement_wt-polysite-xalan_old.wcnf,1,60,False,,,,Host-CCEHC,CCEHC,False,False
causal-discovery_wt-causal_alarm_9_1000_old.wcnf,1,60,False,0.185995,0.360866,,Host-CCEHC,CCEHC,False,False
causal-discovery_wt-causal_carpo_8_1000_old.wcnf,1,60,False,0.075805,0.146723,,Host-CCEHC,CCEHC,False,False
causal-discovery_wt-causal_Link_10_10000_old.wcnf,1,60,False,0.515048,2.601419,,Host-CCEHC,CCEHC,False,False
causal-discovery_wt-causal_Link_10_1000_old.wcnf,1,60,False,0.558894,1.593635,,Host-CCEHC,CCEHC,False,False
causal-discovery_wt-causal_Link_9_100_old.wcnf,1,60,False,0.189537,0.312952,,Host-CCEHC,CCEHC,False,False
causal-discovery_wt-causal_Mushroom_7_1000_old.wcnf,1,60,False,0.054988,0.071693,,Host-CCEHC,CCEHC,False,False
causal-discovery_wt-causal_Pigs_6_1000_old.wcnf,1,60,False,0.118066,0.161162,,Host-CCEHC,CCEHC,False,False
causal-discovery_wt-causal_Water_10_1000_old.wcnf,1,60,False,0.606248,2.071344,,Host-CCEHC,CCEHC,False,False
correlation-clustering_wt-Rounded_CorrelationClustering_Ionosphere_BINARY_N260_D0.200_old.wcnf,1,60,True,4.486863,52.027543,30495383.0,Host-CCEHC,CCEHC,False,True
correlation-clustering_wt-Rounded_CorrelationClustering_Protein1_UNARY_N290_old.wcnf,1,60,False,,,,Host-CCEHC,CCEHC,False,False
correlation-clustering_wt-Rounded_CorrelationClustering_Protein2_BINARY_N220_old.wcnf,1,60,True,0.551369,59.546178,109833302.0,Host-CCEHC,CCEHC,False,True
correlation-clustering_wt-Rounded_CorrelationClustering_Protein2_BINARY_N240_old.wcnf,1,60,True,0.744241,52.085167,142936827.0,Host-CCEHC,CCEHC,False,True
correlation-clustering_wt-Rounded_CorrelationClustering_Protein2_BINARY_N380_old.wcnf,1,60,True,4.125298,56.278541,339080928.0,Host-CCEHC,CCEHC,False,True
correlation-clustering_wt-Rounded_CorrelationClustering_Protein2_UNARY_N220_old.wcnf,1,60,False,,,,Host-CCEHC,CCEHC,False,False
correlation-clustering_wt-Rounded_CorrelationClustering_Protein3_TRANSITIVE_N280_old.wcnf,1,60,True,6.584245,58.164292,151710600.0,Host-CCEHC,CCEHC,False,True
correlation-clustering_wt-Rounded_CorrelationClustering_Protein3_UNARY_N220_old.wcnf,1,60,False,,,,Host-CCEHC,CCEHC,False,False
correlation-clustering_wt-Rounded_CorrelationClustering_Protein4_BINARY_N320_old.wcnf,1,60,True,0.872125,56.266281,126743128.0,Host-CCEHC,CCEHC,False,True
correlation-clustering_wt-Rounded_CorrelationClustering_Protein4_UNARY_N250_old.wcnf,1,60,False,,,,Host-CCEHC,CCEHC,False,False
correlation-clustering_wt-Rounded_CorrelationClustering_Vowel_BINARY_N700_D0.200_old.wcnf,1,60,False,,,,Host-CCEHC,CCEHC,False,False
correlation-clustering_wt-Rounded_CorrelationClustering_Vowel_BINARY_N800_D0.200_old.wcnf,1,60,False,,,,Host-CCEHC,CCEHC,False,False
decision-tree-anneal-un-formula_0.8_2021_atleast_31_max-4_reduced_incomplete_adaboost_3_old.wcnf,1,60,False,,,,Host-CCEHC,CCEHC,False,False
decision-tree-anneal-un-formula_0.8_2021_atleast_31_max-4_reduced_incomplete_adaboost_5_old.wcnf,1,60,False,,,,Host-CCEHC,CCEHC,False,False
decision-tree-australian-credit-un-formula_0.8_2021_atleast_31_max-4_reduced_incomplete_adaboost_5_old.wcnf,1,60,False,,,,Host-CCEHC,CCEHC,False,False
decision-tree-heart-cleveland-un-formula_0.8_2021_atleast_127_max-6_reduced_incomplete_adaboost_2_old.wcnf,1,60,False,,,,Host-CCEHC,CCEHC,False,False
decision-tree-heart-cleveland-un-formula_0.8_2021_atleast_15_max-3_reduced_incomplete_adaboost_4_old.wcnf,1,60,False,,,,Host-CCEHC,CCEHC,False,False
decision-tree-heart-cleveland-un-formula_0.8_2021_atleast_31_max-4_reduced_incomplete_adaboost_4_old.wcnf,1,60,False,,,,Host-CCEHC,CCEHC,False,False
decision-tree-heart-cleveland-un-formula_0.8_2021_atleast_31_max-4_reduced_incomplete_adaboost_6_old.wcnf,1,60,False,,,,Host-CCEHC,CCEHC,False,False
decision-tree-primary-tumor-un-formula_0.8_2021_atleast_127_max-6_reduced_incomplete_adaboost_2_old.wcnf,1,60,False,,,,Host-CCEHC,CCEHC,False,False
decision-tree-primary-tumor-un-formula_0.8_2021_atleast_127_max-6_reduced_incomplete_adaboost_4_old.wcnf,1,60,False,,,,Host-CCEHC,CCEHC,False,False
decision-tree-primary-tumor-un-formula_0.8_2021_atleast_15_max-3_reduced_incomplete_adaboost_2_old.wcnf,1,60,False,,,,Host-CCEHC,CCEHC,False,False
decision-tree-primary-tumor-un-formula_0.8_2021_atleast_31_max-4_reduced_incomplete_adaboost_4_old.wcnf,1,60,False,,,,Host-CCEHC,CCEHC,False,False
decision-tree-primary-tumor-un-formula_0.8_2021_atleast_63_max-5_reduced_incomplete_adaboost_6_old.wcnf,1,60,False,,,,Host-CCEHC,CCEHC,False,False
decision-tree-tic-tac-toe-un-formula_0.8_2021_atleast_15_max-3_reduced_incomplete_adaboost_2_old.wcnf,1,60,False,,,,Host-CCEHC,CCEHC,False,False
decision-tree-tic-tac-toe-un-formula_0.8_2021_atleast_15_max-3_reduced_incomplete_adaboost_3_old.wcnf,1,60,False,,,,Host-CCEHC,CCEHC,False,False
decision-tree-tic-tac-toe-un-formula_0.8_2021_atleast_31_max-4_reduced_incomplete_adaboost_2_old.wcnf,1,60,False,,,,Host-CCEHC,CCEHC,False,False
drmx-cryptogen_wt-geffe128_7_old.wcnf,1,60,True,0.047607,28.794909,862.0,Host-CCEHC,CCEHC,False,True
generalized-ising_wt-IS11_5.0.5.0.0.5_softer_periodic_old.wcnf,1,60,True,0.056338,0.141626,112881295992485.0,Host-CCEHC,CCEHC,False,True
generalized-ising_wt-IS12_5.0.5.0.0.5_softer_periodic_old.wcnf,1,60,True,0.032392,0.084797,113699154930652.0,Host-CCEHC,CCEHC,False,True
generalized-ising_wt-IS13_5.0.5.0.0.5_softer_periodic_old.wcnf,1,60,True,0.054678,0.101376,124896570512886.0,Host-CCEHC,CCEHC,False,True
generalized-ising_wt-IS15_5.0.5.0.0.5_softer_periodic_old.wcnf,1,60,True,0.032854,0.080022,115033629041823.0,Host-CCEHC,CCEHC,False,True
generalized-ising_wt-IS16_5.0.5.0.0.5_softer_periodic_old.wcnf,1,60,True,0.032077,0.094905,115569593015106.0,Host-CCEHC,CCEHC,False,True
generalized-ising_wt-IS17_5.0.5.0.0.5_softer_periodic_old.wcnf,1,60,True,0.200292,0.258478,115983156861513.0,Host-CCEHC,CCEHC,False,True
generalized-ising_wt-IS20_5.0.5.0.0.5_softer_periodic_old.wcnf,1,60,True,0.035849,0.059488,122279003021644.0,Host-CCEHC,CCEHC,False,True
generalized-ising_wt-IS22_5.0.5.0.0.5_softer_periodic_old.wcnf,1,60,True,0.04239,0.058281,122070247469702.0,Host-CCEHC,CCEHC,False,True
generalized-ising_wt-IS23_5.0.5.0.0.5_softer_periodic_old.wcnf,1,60,True,0.063097,0.081095,120723593306181.0,Host-CCEHC,CCEHC,False,True
generalized-ising_wt-IS3_5.0.5.0.0.5_softer_periodic_old.wcnf,1,60,True,0.038254,0.0521,118077403329831.0,Host-CCEHC,CCEHC,False,True
generalized-ising_wt-IS4_5.0.5.0.0.5_softer_periodic_old.wcnf,1,60,True,0.058016,0.071818,117451756332931.0,Host-CCEHC,CCEHC,False,True
generalized-ising_wt-IS5_5.0.5.0.0.5_softer_periodic_old.wcnf,1,60,True,0.035909,0.052737,116120342861494.0,Host-CCEHC,CCEHC,False,True
generalized-ising_wt-IS6_5.0.5.0.0.5_softer_periodic_old.wcnf,1,60,True,0.076816,0.089512,115047826811549.0,Host-CCEHC,CCEHC,False,True
generalized-ising_wt-IS7_5.0.5.0.0.5_softer_periodic_old.wcnf,1,60,True,0.03932,0.09366,113839817872225.0,Host-CCEHC,CCEHC,False,True
generalized-ising_wt-IS9_5.0.5.0.0.5_softer_periodic_old.wcnf,1,60,True,0.035793,0.048163,111201093946713.0,Host-CCEHC,CCEHC,False,True
hs-timetabling_wt-BrazilInstance1.xml_old.wcnf,1,60,False,,,,Host-CCEHC,CCEHC,False,False
hs-timetabling_wt-BrazilInstance2.xml_old.wcnf,1,60,False,,,,Host-CCEHC,CCEHC,False,False
hs-timetabling_wt-BrazilInstance4.xml_old.wcnf,1,60,False,,,,Host-CCEHC,CCEHC,False,False
hs-timetabling_wt-BrazilInstance5.xml_old.wcnf,1,60,False,,,,Host-CCEHC,CCEHC,False,False
hs-timetabling_wt-BrazilInstance6.xml_old.wcnf,1,60,False,,,,Host-CCEHC,CCEHC,False,False
hs-timetabling_wt-BrazilInstance7.xml_old.wcnf,1,60,False,,,,Host-CCEHC,CCEHC,False,False
hs-timetabling_wt-FinlandSecondarySchool.xml_old.wcnf,1,60,False,,,,Host-CCEHC,CCEHC,False,False
hs-timetabling_wt-ItalyInstance4.xml_old.wcnf,1,60,False,,,,Host-CCEHC,CCEHC,False,False
judgment-aggregation-ja-kemeny-preflib-00049-00000300_old.wcnf,1,60,True,0.129137,6.276816,776.0,Host-CCEHC,CCEHC,False,True
judgment-aggregation-ja-kemeny-preflib-00049-00000334_old.wcnf,1,60,True,0.086376,1.367867,542.0,Host-CCEHC,CCEHC,False,True
judgment-aggregation-ja-kemeny-preflib-00049-00000451_old.wcnf,1,60,True,0.463069,1.465518,933.0,Host-CCEHC,CCEHC,False,True
judgment-aggregation-ja-kemeny-preflib-00049-00000454_old.wcnf,1,60,True,0.167995,11.198611,632.0,Host-CCEHC,CCEHC,False,True
judgment-aggregation-ja-kemeny-preflib-00051-00000011_old.wcnf,1,60,True,0.715505,26.63364,698.0,Host-CCEHC,CCEHC,False,True
max-realizability_wt-power-distribution_11_7_old.wcnf,1,60,True,1.31856,20.102594,129.0,Host-CCEHC,CCEHC,False,True
max-realizability_wt-power-distribution_12_8_old.wcnf,1,60,True,1.672161,7.801097,224.0,Host-CCEHC,CCEHC,False,True
max-realizability_wt-robot-navigation_10_old.wcnf,1,60,False,,,,Host-CCEHC,CCEHC,False,False
MaxSATQueriesinInterpretableClassifiers_wt-credit_train_8_CNF_5_20_old.wcnf,1,60,True,3.099124,57.58966,117025.0,Host-CCEHC,CCEHC,False,True
MaxSATQueriesinInterpretableClassifiers_wt-pima_train_6_CNF_3_20_old.wcnf,1,60,True,0.018419,29.922154,3351.0,Host-CCEHC,CCEHC,False,True
MaxSATQueriesinInterpretableClassifiers_wt-toms_test_2_CNF_3_20_old.wcnf,1,60,True,0.307528,7.173787,451.0,Host-CCEHC,CCEHC,False,True
metro_wt-metro_8_8_5_20_10_6_500_1_3.lp.sm-extracted_old.wcnf,1,60,False,,,,Host-CCEHC,CCEHC,False,False
MinimumWeightDominatingSetProblem_wt-bn-human-BNU_1_0025865_session_1-bg_old.wcnf,1,60,False,,,,Host-CCEHC,CCEHC,False,False
MinimumWeightDominatingSetProblem_wt-channel-500x100x100-b050_old.wcnf,1,60,True,12.730554,60.724656,240911320.0,Host-CCEHC,CCEHC,False,True
MinimumWeightDominatingSetProblem_wt-delaunay_n24_old.wcnf,1,60,False,,,,Host-CCEHC,CCEHC,False,False
MinimumWeightDominatingSetProblem_wt-hugebubbles-00020_old.wcnf,1,60,False,,,,Host-CCEHC,CCEHC,False,False
MinimumWeightDominatingSetProblem_wt-inf-road-usa_old.wcnf,1,60,False,,,,Host-CCEHC,CCEHC,False,False
MinimumWeightDominatingSetProblem_wt-rgg_n_2_24_s0_old.wcnf,1,60,False,,,,Host-CCEHC,CCEHC,False,False
MinimumWeightDominatingSetProblem_wt-sc-rel9_old.wcnf,1,60,False,,,,Host-CCEHC,CCEHC,False,False
MinimumWeightDominatingSetProblem_wt-soc-livejournal-user-groups_old.wcnf,1,60,False,,,,Host-CCEHC,CCEHC,False,False
MinimumWeightDominatingSetProblem_wt-web-wikipedia2009_old.wcnf,1,60,False,,,,Host-CCEHC,CCEHC,False,False
mpe_wt-random-net-50-5_network-8.net_old.wcnf,1,60,True,0.582792,55.707548,48721.0,Host-CCEHC,CCEHC,False,True
ParametricRBACMaintenance_mse20_wt-role_domino_multiple_0.1_8_old.wcnf,1,60,True,6.01538,41.712147,66588.0,Host-CCEHC,CCEHC,False,True
ParametricRBACMaintenance_mse20_wt-role_domino_multiple_0.2_0_old.wcnf,1,60,True,6.909282,19.659119,116902.0,Host-CCEHC,CCEHC,False,True
ParametricRBACMaintenance_mse20_wt-role_domino_multiple_0.5_1_old.wcnf,1,60,True,5.861011,43.350124,207771.0,Host-CCEHC,CCEHC,False,True
ParametricRBACMaintenance_mse20_wt-role_domino_multiple_0.6_8_old.wcnf,1,60,True,5.95207,45.419758,248681.0,Host-CCEHC,CCEHC,False,True
ParametricRBACMaintenance_mse20_wt-role_smallcomp_multiple_0.7_2_old.wcnf,1,60,True,0.015174,13.59177,278585.0,Host-CCEHC,CCEHC,False,True
ParametricRBACMaintenance_mse20_wt-role_smallcomp_multiple_0.7_6_old.wcnf,1,60,True,0.019531,13.527024,254005.0,Host-CCEHC,CCEHC,False,True
ParametricRBACMaintenance_mse20_wt-role_smallcomp_multiple_0.8_1_old.wcnf,1,60,True,0.026287,11.116974,353066.0,Host-CCEHC,CCEHC,False,True
ParametricRBACMaintenance_mse20_wt-role_smallcomp_multiple_0.9_6_old.wcnf,1,60,True,0.03573,0.683401,287032.0,Host-CCEHC,CCEHC,False,True
ParametricRBACMaintenance_mse20_wt-role_university_multiple_0.1_1_old.wcnf,1,60,False,,,,Host-CCEHC,CCEHC,False,False
ParametricRBACMaintenance_mse20_wt-role_university_multiple_0.4_7_old.wcnf,1,60,False,,,,Host-CCEHC,CCEHC,False,False
ParametricRBACMaintenance_mse20_wt-role_university_multiple_0.5_4_old.wcnf,1,60,False,,,,Host-CCEHC,CCEHC,False,False
ParametricRBACMaintenance_mse20_wt-role_university_multiple_0.5_5_old.wcnf,1,60,False,,,,Host-CCEHC,CCEHC,False,False
ParametricRBACMaintenance_mse20_wt-role_university_multiple_0.5_7_old.wcnf,1,60,False,,,,Host-CCEHC,CCEHC,False,False
pseudoBoolean_wt-normalized-mps-v2-20-10-sentoy.opb.msat_old.wcnf,1,60,False,,,,Host-CCEHC,CCEHC,False,False
railway-transport_wt-bf2030fvslack_old.wcnf,1,60,False,,,,Host-CCEHC,CCEHC,False,False
railway-transport_wt-f2030_old.wcnf,1,60,False,,,,Host-CCEHC,CCEHC,False,False
railway-transport_wt-r11_old.wcnf,1,60,False,,,,Host-CCEHC,CCEHC,False,False
railway-transport_wt-wg2_old.wcnf,1,60,False,,,,Host-CCEHC,CCEHC,False,False
ramsey_wt-ram_k3_n14.ra1_old.wcnf,1,60,True,0.011404,0.144057,3025.0,Host-CCEHC,CCEHC,False,True
ramsey_wt-ram_k3_n16.ra1_old.wcnf,1,60,True,0.016717,0.045782,7271.0,Host-CCEHC,CCEHC,False,True
ramsey_wt-ram_k3_n19.ra1_old.wcnf,1,60,True,0.02384,4.14082,20665.0,Host-CCEHC,CCEHC,False,True
ramsey_wt-ram_k4_n19.ra1_old.wcnf,1,60,True,0.283833,20.430774,1104.0,Host-CCEHC,CCEHC,False,True
relational-inference_wt-pa-1_old.wcnf,1,60,False,,,,Host-CCEHC,CCEHC,False,False
relational-inference_wt-pa-2_old.wcnf,1,60,False,,,,Host-CCEHC,CCEHC,False,False
relational-inference_wt-pa-3_old.wcnf,1,60,False,,,,Host-CCEHC,CCEHC,False,False
setcover_wt-rail2536_old.wcnf,1,60,False,,,,Host-CCEHC,CCEHC,False,False
setcover_wt-rail4284_old.wcnf,1,60,False,,,,Host-CCEHC,CCEHC,False,False
setcover_wt-rail4872_old.wcnf,1,60,False,,,,Host-CCEHC,CCEHC,False,False
setcover_wt-rail507_old.wcnf,1,60,True,3.458921,10.3977,211.0,Host-CCEHC,CCEHC,False,True
shiftdesign_wt-limits-10-10_data-1_inst-084_30m.sm-extracted_old.wcnf,1,60,False,,,,Host-CCEHC,CCEHC,False,False
shiftdesign_wt-limits-10-10_data-1_inst-137_30m.sm-extracted_old.wcnf,1,60,False,,,,Host-CCEHC,CCEHC,False,False
shiftdesign_wt-limits-10-10_data-1_inst-182_30m.sm-extracted_old.wcnf,1,60,False,,,,Host-CCEHC,CCEHC,False,False
shiftdesign_wt-limits-10-10_data-2_inst-003_30m.sm-extracted_old.wcnf,1,60,False,,,,Host-CCEHC,CCEHC,False,False
shiftdesign_wt-limits-10-10_data-2_inst-025_30m.sm-extracted_old.wcnf,1,60,False,,,,Host-CCEHC,CCEHC,False,False
shiftdesign_wt-limits-10-10_data-2_inst-030_30m.sm-extracted_old.wcnf,1,60,False,,,,Host-CCEHC,CCEHC,False,False
shiftdesign_wt-limits-10-10_data-3_inst-002_30m.sm-extracted_old.wcnf,1,60,False,,,,Host-CCEHC,CCEHC,False,False
shiftdesign_wt-limits-10-10_data-3_inst-003_30m.sm-extracted_old.wcnf,1,60,False,,,,Host-CCEHC,CCEHC,False,False
shiftdesign_wt-limits-10-10_data-4_inst-003_60m.sm-extracted_old.wcnf,1,60,False,,,,Host-CCEHC,CCEHC,False,False
spot5_wt-1401.wcsp.log_old.wcnf,1,60,True,0.007772,53.718502,469107.0,Host-CCEHC,CCEHC,False,True
spot5_wt-1403.wcsp.dir_old.wcnf,1,60,True,0.00836,40.292864,496267.0,Host-CCEHC,CCEHC,False,True
spot5_wt-1403.wcsp.log_old.wcnf,1,60,True,0.01032,48.508783,469263.0,Host-CCEHC,CCEHC,False,True
spot5_wt-1405.wcsp.dir_old.wcnf,1,60,True,0.013215,4.687106,497449.0,Host-CCEHC,CCEHC,False,True
spot5_wt-1506.wcsp.log_old.wcnf,1,60,True,0.013121,50.13073,361554.0,Host-CCEHC,CCEHC,False,True
spot5_wt-5.wcsp.log_old.wcnf,1,60,True,0.006831,7.770804,265.0,Host-CCEHC,CCEHC,False,True
staff-scheduling_wt-instance10_old.wcnf,1,60,False,,,,Host-CCEHC,CCEHC,False,False
staff-scheduling_wt-instance11_old.wcnf,1,60,False,,,,Host-CCEHC,CCEHC,False,False
staff-scheduling_wt-instance12_old.wcnf,1,60,False,,,,Host-CCEHC,CCEHC,False,False
staff-scheduling_wt-instance2_old.wcnf,1,60,False,,,,Host-CCEHC,CCEHC,False,False
staff-scheduling_wt-instance3_old.wcnf,1,60,False,,,,Host-CCEHC,CCEHC,False,False
staff-scheduling_wt-instance4_old.wcnf,1,60,False,,,,Host-CCEHC,CCEHC,False,False
staff-scheduling_wt-instance5_old.wcnf,1,60,False,,,,Host-CCEHC,CCEHC,False,False
staff-scheduling_wt-instance6_old.wcnf,1,60,False,,,,Host-CCEHC,CCEHC,False,False
staff-scheduling_wt-instance7_old.wcnf,1,60,False,,,,Host-CCEHC,CCEHC,False,False
staff-scheduling_wt-instance8_old.wcnf,1,60,False,,,,Host-CCEHC,CCEHC,False,False
staff-scheduling_wt-instance9_old.wcnf,1,60,False,,,,Host-CCEHC,CCEHC,False,False
switchingactivitymaximization-SwitchingActivityMaximization_OpenRISC1200_100_old.wcnf,1,60,False,,,,Host-CCEHC,CCEHC,False,False
switchingactivitymaximization-SwitchingActivityMaximization_OpenRISC1200_150_old.wcnf,1,60,False,,,,Host-CCEHC,CCEHC,False,False
switchingactivitymaximization-SwitchingActivityMaximization_OpenRISC1200_200_old.wcnf,1,60,False,,,,Host-CCEHC,CCEHC,False,False
switchingactivitymaximization-SwitchingActivityMaximization_OpenRISC1200_66_old.wcnf,1,60,False,,,,Host-CCEHC,CCEHC,False,False
switchingactivitymaximization-SwitchingActivityMaximization_OpenRISC1200_68_old.wcnf,1,60,False,,,,Host-CCEHC,CCEHC,False,False
switchingactivitymaximization-SwitchingActivityMaximization_OpenRISC1200_70_old.wcnf,1,60,False,,,,Host-CCEHC,CCEHC,False,False
switchingactivitymaximization-SwitchingActivityMaximization_OpenRISC1200_72_old.wcnf,1,60,False,,,,Host-CCEHC,CCEHC,False,False
switchingactivitymaximization-SwitchingActivityMaximization_OpenRISC1200_80_old.wcnf,1,60,False,,,,Host-CCEHC,CCEHC,False,False
switchingactivitymaximization-SwitchingActivityMaximization_OpenRISC1200_90_old.wcnf,1,60,False,,,,Host-CCEHC,CCEHC,False,False
tcp_wt-tcp_students_112_it_2_old.wcnf,1,60,False,,,,Host-CCEHC,CCEHC,False,False
timetabling_wt-comp02_old.wcnf,1,60,False,,,,Host-CCEHC,CCEHC,False,False
timetabling_wt-comp09_old.wcnf,1,60,False,,,,Host-CCEHC,CCEHC,False,False
timetabling_wt-comp12_old.wcnf,1,60,False,,,,Host-CCEHC,CCEHC,False,False
timetabling_wt-dds4_old.wcnf,1,60,False,,,,Host-CCEHC,CCEHC,False,False
abstraction-refinement_wt-downcast-antlr_old.wcnf,1,60,False,,,,SCOPE-CCEHC,CCEHC,True,False
abstraction-refinement_wt-downcast-avrora_old.wcnf,1,60,True,59.220143,59.220143,52209.0,SCOPE-CCEHC,CCEHC,True,True
abstraction-refinement_wt-downcast-hsqldb_old.wcnf,1,60,False,,,,SCOPE-CCEHC,CCEHC,True,False
abstraction-refinement_wt-downcast-pmd_old.wcnf,1,60,False,,,,SCOPE-CCEHC,CCEHC,True,False
abstraction-refinement_wt-downcast-xalan_old.wcnf,1,60,False,,,,SCOPE-CCEHC,CCEHC,True,False
abstraction-refinement_wt-polysite-avrora_old.wcnf,1,60,True,61.27653,61.27653,57355.0,SCOPE-CCEHC,CCEHC,True,True
abstraction-refinement_wt-polysite-bloat_old.wcnf,1,60,False,,,,SCOPE-CCEHC,CCEHC,True,False
abstraction-refinement_wt-polysite-hsqldb_old.wcnf,1,60,False,,,,SCOPE-CCEHC,CCEHC,True,False
abstraction-refinement_wt-polysite-pmd_old.wcnf,1,60,False,,,,SCOPE-CCEHC,CCEHC,True,False
abstraction-refinement_wt-polysite-xalan_old.wcnf,1,60,False,,,,SCOPE-CCEHC,CCEHC,True,False
causal-discovery_wt-causal_alarm_9_1000_old.wcnf,1,60,True,7.175359,7.175359,118725495.0,SCOPE-CCEHC,CCEHC,True,True
causal-discovery_wt-causal_carpo_8_1000_old.wcnf,1,60,True,2.574606,2.574606,8179510.0,SCOPE-CCEHC,CCEHC,True,True
causal-discovery_wt-causal_Link_10_10000_old.wcnf,1,60,True,18.983601,18.983601,478857475.0,SCOPE-CCEHC,CCEHC,True,True
causal-discovery_wt-causal_Link_10_1000_old.wcnf,1,60,True,19.048165,19.048165,40972742.0,SCOPE-CCEHC,CCEHC,True,True
causal-discovery_wt-causal_Link_9_100_old.wcnf,1,60,True,7.178522,7.178522,3242187.0,SCOPE-CCEHC,CCEHC,True,True
causal-discovery_wt-causal_Mushroom_7_1000_old.wcnf,1,60,True,0.884969,0.884969,36667365.0,SCOPE-CCEHC,CCEHC,True,True
causal-discovery_wt-causal_Pigs_6_1000_old.wcnf,1,60,True,2.574262,2.574262,35110976.0,SCOPE-CCEHC,CCEHC,True,True
causal-discovery_wt-causal_Water_10_1000_old.wcnf,1,60,True,19.049799,19.049799,158174844.0,SCOPE-CCEHC,CCEHC,True,True
correlation-clustering_wt-Rounded_CorrelationClustering_Ionosphere_BINARY_N260_D0.200_old.wcnf,1,60,True,2.575787,49.351675,205505607.0,SCOPE-CCEHC,CCEHC,True,True
correlation-clustering_wt-Rounded_CorrelationClustering_Protein1_UNARY_N290_old.wcnf,1,60,True,22.588332,22.588332,33957845.0,SCOPE-CCEHC,CCEHC,True,True
correlation-clustering_wt-Rounded_CorrelationClustering_Protein2_BINARY_N220_old.wcnf,1,60,True,0.890885,46.866136,19404417.0,SCOPE-CCEHC,CCEHC,True,True
correlation-clustering_wt-Rounded_CorrelationClustering_Protein2_BINARY_N240_old.wcnf,1,60,True,1.053601,30.193874,23065732.0,SCOPE-CCEHC,CCEHC,True,True
correlation-clustering_wt-Rounded_CorrelationClustering_Protein2_BINARY_N380_old.wcnf,1,60,True,2.63336,50.157364,57245752.0,SCOPE-CCEHC,CCEHC,True,True
correlation-clustering_wt-Rounded_CorrelationClustering_Protein2_UNARY_N220_old.wcnf,1,60,True,12.329161,12.329161,23179718.0,SCOPE-CCEHC,CCEHC,True,True
correlation-clustering_wt-Rounded_CorrelationClustering_Protein3_TRANSITIVE_N280_old.wcnf,1,60,True,64.989849,64.989849,198654734.0,SCOPE-CCEHC,CCEHC,True,True
correlation-clustering_wt-Rounded_CorrelationClustering_Protein3_UNARY_N220_old.wcnf,1,60,True,12.020474,12.020474,25805511.0,SCOPE-CCEHC,CCEHC,True,True
correlation-clustering_wt-Rounded_CorrelationClustering_Protein4_BINARY_N320_old.wcnf,1,60,True,1.120506,29.019699,22652608.0,SCOPE-CCEHC,CCEHC,True,True
correlation-clustering_wt-Rounded_CorrelationClustering_Protein4_UNARY_N250_old.wcnf,1,60,True,10.69145,10.69145,20419164.0,SCOPE-CCEHC,CCEHC,True,True
correlation-clustering_wt-Rounded_CorrelationClustering_Vowel_BINARY_N700_D0.200_old.wcnf,1,60,True,11.634995,11.634995,822078090.0,SCOPE-CCEHC,CCEHC,True,True
correlation-clustering_wt-Rounded_CorrelationClustering_Vowel_BINARY_N800_D0.200_old.wcnf,1,60,True,16.095422,16.095422,1169882030.0,SCOPE-CCEHC,CCEHC,True,True
decision-tree-anneal-un-formula_0.8_2021_atleast_31_max-4_reduced_incomplete_adaboost_3_old.wcnf,1,60,True,2.965723,2.965723,592.0,SCOPE-CCEHC,CCEHC,True,True
decision-tree-anneal-un-formula_0.8_2021_atleast_31_max-4_reduced_incomplete_adaboost_5_old.wcnf,1,60,True,2.988861,2.988861,792.0,SCOPE-CCEHC,CCEHC,True,True
decision-tree-australian-credit-un-formula_0.8_2021_atleast_31_max-4_reduced_incomplete_adaboost_5_old.wcnf,1,60,True,3.852366,3.852366,599.0,SCOPE-CCEHC,CCEHC,True,True
decision-tree-heart-cleveland-un-formula_0.8_2021_atleast_127_max-6_reduced_incomplete_adaboost_2_old.wcnf,1,60,True,42.368002,42.368002,139.0,SCOPE-CCEHC,CCEHC,True,True
decision-tree-heart-cleveland-un-formula_0.8_2021_atleast_15_max-3_reduced_incomplete_adaboost_4_old.wcnf,1,60,True,0.760642,0.760642,195.0,SCOPE-CCEHC,CCEHC,True,True
decision-tree-heart-cleveland-un-formula_0.8_2021_atleast_31_max-4_reduced_incomplete_adaboost_4_old.wcnf,1,60,True,2.802197,2.802197,187.0,SCOPE-CCEHC,CCEHC,True,True
decision-tree-heart-cleveland-un-formula_0.8_2021_atleast_31_max-4_reduced_incomplete_adaboost_6_old.wcnf,1,60,True,2.821286,2.821286,334.0,SCOPE-CCEHC,CCEHC,True,True
decision-tree-primary-tumor-un-formula_0.8_2021_atleast_127_max-6_reduced_incomplete_adaboost_2_old.wcnf,1,60,True,15.346909,15.346909,191.0,SCOPE-CCEHC,CCEHC,True,True
decision-tree-primary-tumor-un-formula_0.8_2021_atleast_127_max-6_reduced_incomplete_adaboost_4_old.wcnf,1,60,True,15.301967,15.301967,269.0,SCOPE-CCEHC,CCEHC,True,True
decision-tree-primary-tumor-un-formula_0.8_2021_atleast_15_max-3_reduced_incomplete_adaboost_2_old.wcnf,1,60,True,0.333473,0.333473,178.0,SCOPE-CCEHC,CCEHC,True,True
decision-tree-primary-tumor-un-formula_0.8_2021_atleast_31_max-4_reduced_incomplete_adaboost_4_old.wcnf,1,60,True,1.088661,1.088661,213.0,SCOPE-CCEHC,CCEHC,True,True
decision-tree-primary-tumor-un-formula_0.8_2021_atleast_63_max-5_reduced_incomplete_adaboost_6_old.wcnf,1,60,True,3.956758,3.956758,396.0,SCOPE-CCEHC,CCEHC,True,True
decision-tree-tic-tac-toe-un-formula_0.8_2021_atleast_15_max-3_reduced_incomplete_adaboost_2_old.wcnf,1,60,True,0.481369,0.481369,535.0,SCOPE-CCEHC,CCEHC,True,True
decision-tree-tic-tac-toe-un-formula_0.8_2021_atleast_15_max-3_reduced_incomplete_adaboost_3_old.wcnf,1,60,True,0.478299,0.478299,648.0,SCOPE-CCEHC,CCEHC,True,True
decision-tree-tic-tac-toe-un-formula_0.8_2021_atleast_31_max-4_reduced_incomplete_adaboost_2_old.wcnf,1,60,True,1.354236,1.354236,467.0,SCOPE-CCEHC,CCEHC,True,True
drmx-cryptogen_wt-geffe128_7_old.wcnf,1,60,True,0.059798,42.733537,864.0,SCOPE-CCEHC,CCEHC,True,True
generalized-ising_wt-IS11_5.0.5.0.0.5_softer_periodic_old.wcnf,1,60,True,0.378479,0.408805,112832267838932.0,SCOPE-CCEHC,CCEHC,True,True
generalized-ising_wt-IS12_5.0.5.0.0.5_softer_periodic_old.wcnf,1,60,True,0.369187,0.384093,113804381725735.0,SCOPE-CCEHC,CCEHC,True,True
generalized-ising_wt-IS13_5.0.5.0.0.5_softer_periodic_old.wcnf,1,60,True,0.373147,0.399727,129740337170011.0,SCOPE-CCEHC,CCEHC,True,True
generalized-ising_wt-IS15_5.0.5.0.0.5_softer_periodic_old.wcnf,1,60,True,0.37916,0.403638,115095646045753.0,SCOPE-CCEHC,CCEHC,True,True
generalized-ising_wt-IS16_5.0.5.0.0.5_softer_periodic_old.wcnf,1,60,True,0.372094,0.387346,115596155308150.0,SCOPE-CCEHC,CCEHC,True,True
generalized-ising_wt-IS17_5.0.5.0.0.5_softer_periodic_old.wcnf,1,60,True,0.370713,0.412619,116030668414942.0,SCOPE-CCEHC,CCEHC,True,True
generalized-ising_wt-IS20_5.0.5.0.0.5_softer_periodic_old.wcnf,1,60,True,0.370065,0.400355,127918565361639.0,SCOPE-CCEHC,CCEHC,True,True
generalized-ising_wt-IS22_5.0.5.0.0.5_softer_periodic_old.wcnf,1,60,True,0.374823,0.402303,125626593604828.0,SCOPE-CCEHC,CCEHC,True,True
generalized-ising_wt-IS23_5.0.5.0.0.5_softer_periodic_old.wcnf,1,60,True,0.372066,0.395803,124581926166556.0,SCOPE-CCEHC,CCEHC,True,True
generalized-ising_wt-IS3_5.0.5.0.0.5_softer_periodic_old.wcnf,1,60,True,0.375079,0.396495,120069065561516.0,SCOPE-CCEHC,CCEHC,True,True
generalized-ising_wt-IS4_5.0.5.0.0.5_softer_periodic_old.wcnf,1,60,True,0.377898,0.399711,119319171104549.0,SCOPE-CCEHC,CCEHC,True,True
generalized-ising_wt-IS5_5.0.5.0.0.5_softer_periodic_old.wcnf,1,60,True,0.373125,0.408805,117458174672114.0,SCOPE-CCEHC,CCEHC,True,True
generalized-ising_wt-IS6_5.0.5.0.0.5_softer_periodic_old.wcnf,1,60,True,0.368175,0.401176,116327811201643.0,SCOPE-CCEHC,CCEHC,True,True
generalized-ising_wt-IS7_5.0.5.0.0.5_softer_periodic_old.wcnf,1,60,True,0.376171,0.410887,114737686836464.0,SCOPE-CCEHC,CCEHC,True,True
generalized-ising_wt-IS9_5.0.5.0.0.5_softer_periodic_old.wcnf,1,60,True,0.377838,0.425559,111502227206649.0,SCOPE-CCEHC,CCEHC,True,True
hs-timetabling_wt-BrazilInstance1.xml_old.wcnf,1,60,True,0.166554,0.166636,290.0,SCOPE-CCEHC,CCEHC,True,True
hs-timetabling_wt-BrazilInstance2.xml_old.wcnf,1,60,True,0.44942,0.449518,433.0,SCOPE-CCEHC,CCEHC,True,True
hs-timetabling_wt-BrazilInstance4.xml_old.wcnf,1,60,True,2.269579,2.269579,267.0,SCOPE-CCEHC,CCEHC,True,True
hs-timetabling_wt-BrazilInstance5.xml_old.wcnf,1,60,True,0.96485,0.96543,1364.0,SCOPE-CCEHC,CCEHC,True,True
hs-timetabling_wt-BrazilInstance6.xml_old.wcnf,1,60,True,1.074934,1.075917,757.0,SCOPE-CCEHC,CCEHC,True,True
hs-timetabling_wt-BrazilInstance7.xml_old.wcnf,1,60,True,1.511264,1.512256,1856.0,SCOPE-CCEHC,CCEHC,True,True
hs-timetabling_wt-FinlandSecondarySchool.xml_old.wcnf,1,60,True,4.781899,4.782569,806.0,SCOPE-CCEHC,CCEHC,True,True
hs-timetabling_wt-ItalyInstance4.xml_old.wcnf,1,60,True,13.26464,13.26464,24474.0,SCOPE-CCEHC,CCEHC,True,True
judgment-aggregation-ja-kemeny-preflib-00049-00000300_old.wcnf,1,60,True,1.771225,30.674918,776.0,SCOPE-CCEHC,CCEHC,True,True
judgment-aggregation-ja-kemeny-preflib-00049-00000334_old.wcnf,1,60,True,0.902737,4.896233,542.0,SCOPE-CCEHC,CCEHC,True,True
judgment-aggregation-ja-kemeny-preflib-00049-00000451_old.wcnf,1,60,True,6.583679,43.704596,933.0,SCOPE-CCEHC,CCEHC,True,True
judgment-aggregation-ja-kemeny-preflib-00049-00000454_old.wcnf,1,60,True,2.190015,16.931413,633.0,SCOPE-CCEHC,CCEHC,True,True
judgment-aggregation-ja-kemeny-preflib-00051-00000011_old.wcnf,1,60,True,9.957995,33.791599,696.0,SCOPE-CCEHC,CCEHC,True,True
max-realizability_wt-power-distribution_11_7_old.wcnf,1,60,True,2.573248,5.105305,130.0,SCOPE-CCEHC,CCEHC,True,True
max-realizability_wt-power-distribution_12_8_old.wcnf,1,60,True,5.200725,16.668343,221.0,SCOPE-CCEHC,CCEHC,True,True
max-realizability_wt-robot-navigation_10_old.wcnf,1,60,True,15.966413,15.966413,39.0,SCOPE-CCEHC,CCEHC,True,True
MaxSATQueriesinInterpretableClassifiers_wt-credit_train_8_CNF_5_20_old.wcnf,1,60,True,11.6976,11.6976,540570.0,SCOPE-CCEHC,CCEHC,True,True
MaxSATQueriesinInterpretableClassifiers_wt-pima_train_6_CNF_3_20_old.wcnf,1,60,True,0.064416,8.298041,5006.0,SCOPE-CCEHC,CCEHC,True,True
MaxSATQueriesinInterpretableClassifiers_wt-toms_test_2_CNF_3_20_old.wcnf,1,60,True,3.58404,8.820799,429.0,SCOPE-CCEHC,CCEHC,True,True
metro_wt-metro_8_8_5_20_10_6_500_1_3.lp.sm-extracted_old.wcnf,1,60,True,1.001426,1.001426,302.0,SCOPE-CCEHC,CCEHC,True,True
MinimumWeightDominatingSetProblem_wt-bn-human-BNU_1_0025865_session_1-bg_old.wcnf,1,60,True,19.878062,19.878062,140539244.0,SCOPE-CCEHC,CCEHC,True,True
MinimumWeightDominatingSetProblem_wt-channel-500x100x100-b050_old.wcnf,1,60,True,58.076982,58.076982,482601000.0,SCOPE-CCEHC,CCEHC,True,True
MinimumWeightDominatingSetProblem_wt-delaunay_n24_old.wcnf,1,60,False,,,,SCOPE-CCEHC,CCEHC,True,False
MinimumWeightDominatingSetProblem_wt-hugebubbles-00020_old.wcnf,1,60,False,,,,SCOPE-CCEHC,CCEHC,True,False
MinimumWeightDominatingSetProblem_wt-inf-road-usa_old.wcnf,1,60,False,,,,SCOPE-CCEHC,CCEHC,True,False
MinimumWeightDominatingSetProblem_wt-rgg_n_2_24_s0_old.wcnf,1,60,False,,,,SCOPE-CCEHC,CCEHC,True,False
MinimumWeightDominatingSetProblem_wt-sc-rel9_old.wcnf,1,60,False,,,,SCOPE-CCEHC,CCEHC,True,False
MinimumWeightDominatingSetProblem_wt-soc-livejournal-user-groups_old.wcnf,1,60,False,,,,SCOPE-CCEHC,CCEHC,True,False
MinimumWeightDominatingSetProblem_wt-web-wikipedia2009_old.wcnf,1,60,True,22.592424,22.592424,187372794.0,SCOPE-CCEHC,CCEHC,True,True
mpe_wt-random-net-50-5_network-8.net_old.wcnf,1,60,True,0.082423,31.720086,50365.0,SCOPE-CCEHC,CCEHC,True,True
ParametricRBACMaintenance_mse20_wt-role_domino_multiple_0.1_8_old.wcnf,1,60,True,12.17681,12.17681,151892.0,SCOPE-CCEHC,CCEHC,True,True
ParametricRBACMaintenance_mse20_wt-role_domino_multiple_0.2_0_old.wcnf,1,60,True,13.054606,13.054606,225979.0,SCOPE-CCEHC,CCEHC,True,True
ParametricRBACMaintenance_mse20_wt-role_domino_multiple_0.5_1_old.wcnf,1,60,True,12.561754,12.561754,448683.0,SCOPE-CCEHC,CCEHC,True,True
ParametricRBACMaintenance_mse20_wt-role_domino_multiple_0.6_8_old.wcnf,1,60,True,12.217286,12.217286,519329.0,SCOPE-CCEHC,CCEHC,True,True
ParametricRBACMaintenance_mse20_wt-role_smallcomp_multiple_0.7_2_old.wcnf,1,60,True,0.064529,49.186776,279015.0,SCOPE-CCEHC,CCEHC,True,True
ParametricRBACMaintenance_mse20_wt-role_smallcomp_multiple_0.7_6_old.wcnf,1,60,True,0.071317,2.229286,253504.0,SCOPE-CCEHC,CCEHC,True,True
ParametricRBACMaintenance_mse20_wt-role_smallcomp_multiple_0.8_1_old.wcnf,1,60,True,0.062952,8.697799,352844.0,SCOPE-CCEHC,CCEHC,True,True
ParametricRBACMaintenance_mse20_wt-role_smallcomp_multiple_0.9_6_old.wcnf,1,60,True,0.070206,37.071996,286407.0,SCOPE-CCEHC,CCEHC,True,True
ParametricRBACMaintenance_mse20_wt-role_university_multiple_0.1_1_old.wcnf,1,60,True,15.584337,15.584337,207065.0,SCOPE-CCEHC,CCEHC,True,True
ParametricRBACMaintenance_mse20_wt-role_university_multiple_0.4_7_old.wcnf,1,60,True,20.576722,20.576722,472255.0,SCOPE-CCEHC,CCEHC,True,True
ParametricRBACMaintenance_mse20_wt-role_university_multiple_0.5_4_old.wcnf,1,60,True,14.371154,14.371154,508772.0,SCOPE-CCEHC,CCEHC,True,True
ParametricRBACMaintenance_mse20_wt-role_university_multiple_0.5_5_old.wcnf,1,60,True,17.072028,17.072028,501608.0,SCOPE-CCEHC,CCEHC,True,True
ParametricRBACMaintenance_mse20_wt-role_university_multiple_0.5_7_old.wcnf,1,60,True,20.628775,20.628775,541999.0,SCOPE-CCEHC,CCEHC,True,True
pseudoBoolean_wt-normalized-mps-v2-20-10-sentoy.opb.msat_old.wcnf,1,60,True,0.535147,0.535147,9460.0,SCOPE-CCEHC,CCEHC,True,True
railway-transport_wt-bf2030fvslack_old.wcnf,1,60,False,,,,SCOPE-CCEHC,CCEHC,True,False
railway-transport_wt-f2030_old.wcnf,1,60,True,14.341729,14.341729,29608.0,SCOPE-CCEHC,CCEHC,True,True
railway-transport_wt-r11_old.wcnf,1,60,False,,,,SCOPE-CCEHC,CCEHC,True,False
railway-transport_wt-wg2_old.wcnf,1,60,True,26.674594,26.674594,1452.0,SCOPE-CCEHC,CCEHC,True,True
ramsey_wt-ram_k3_n14.ra1_old.wcnf,1,60,True,0.010296,0.142556,3025.0,SCOPE-CCEHC,CCEHC,True,True
ramsey_wt-ram_k3_n16.ra1_old.wcnf,1,60,True,0.016731,0.068262,7271.0,SCOPE-CCEHC,CCEHC,True,True
ramsey_wt-ram_k3_n19.ra1_old.wcnf,1,60,True,0.034432,14.355047,20665.0,SCOPE-CCEHC,CCEHC,True,True
ramsey_wt-ram_k4_n19.ra1_old.wcnf,1,60,True,0.052434,29.291367,1192.0,SCOPE-CCEHC,CCEHC,True,True
relational-inference_wt-pa-1_old.wcnf,1,60,True,18.317918,18.317918,1133648.0,SCOPE-CCEHC,CCEHC,True,True
relational-inference_wt-pa-2_old.wcnf,1,60,False,,,,SCOPE-CCEHC,CCEHC,True,False
relational-inference_wt-pa-3_old.wcnf,1,60,False,,,,SCOPE-CCEHC,CCEHC,True,False
setcover_wt-rail2536_old.wcnf,1,60,True,6.842424,6.842424,2147034.0,SCOPE-CCEHC,CCEHC,True,True
setcover_wt-rail4284_old.wcnf,1,60,True,6.922917,6.922917,2119198.0,SCOPE-CCEHC,CCEHC,True,True
setcover_wt-rail4872_old.wcnf,1,60,True,6.050393,6.050393,1873139.0,SCOPE-CCEHC,CCEHC,True,True
setcover_wt-rail507_old.wcnf,1,60,True,3.870846,30.725466,209.0,SCOPE-CCEHC,CCEHC,True,True
shiftdesign_wt-limits-10-10_data-1_inst-084_30m.sm-extracted_old.wcnf,1,60,False,,,,SCOPE-CCEHC,CCEHC,True,False
shiftdesign_wt-limits-10-10_data-1_inst-137_30m.sm-extracted_old.wcnf,1,60,True,48.1418,48.1418,17244442.0,SCOPE-CCEHC,CCEHC,True,True
shiftdesign_wt-limits-10-10_data-1_inst-182_30m.sm-extracted_old.wcnf,1,60,False,,,,SCOPE-CCEHC,CCEHC,True,False
shiftdesign_wt-limits-10-10_data-2_inst-003_30m.sm-extracted_old.wcnf,1,60,False,,,,SCOPE-CCEHC,CCEHC,True,False
shiftdesign_wt-limits-10-10_data-2_inst-025_30m.sm-extracted_old.wcnf,1,60,False,,,,SCOPE-CCEHC,CCEHC,True,False
shiftdesign_wt-limits-10-10_data-2_inst-030_30m.sm-extracted_old.wcnf,1,60,False,,,,SCOPE-CCEHC,CCEHC,True,False
shiftdesign_wt-limits-10-10_data-3_inst-002_30m.sm-extracted_old.wcnf,1,60,False,,,,SCOPE-CCEHC,CCEHC,True,False
shiftdesign_wt-limits-10-10_data-3_inst-003_30m.sm-extracted_old.wcnf,1,60,True,55.825391,55.825391,28190618.0,SCOPE-CCEHC,CCEHC,True,True
shiftdesign_wt-limits-10-10_data-4_inst-003_60m.sm-extracted_old.wcnf,1,60,False,,,,SCOPE-CCEHC,CCEHC,True,False
spot5_wt-1401.wcsp.log_old.wcnf,1,60,True,0.09497,18.120916,469104.0,SCOPE-CCEHC,CCEHC,True,True
spot5_wt-1403.wcsp.dir_old.wcnf,1,60,True,0.119667,46.06505,496269.0,SCOPE-CCEHC,CCEHC,True,True
spot5_wt-1403.wcsp.log_old.wcnf,1,60,True,0.12136,44.414022,468270.0,SCOPE-CCEHC,CCEHC,True,True
spot5_wt-1405.wcsp.dir_old.wcnf,1,60,True,0.181753,49.968896,496452.0,SCOPE-CCEHC,CCEHC,True,True
spot5_wt-1506.wcsp.log_old.wcnf,1,60,True,0.153779,30.754394,360558.0,SCOPE-CCEHC,CCEHC,True,True
spot5_wt-5.wcsp.log_old.wcnf,1,60,True,0.090251,50.009404,265.0,SCOPE-CCEHC,CCEHC,True,True
staff-scheduling_wt-instance10_old.wcnf,1,60,True,9.954972,9.954972,37873.0,SCOPE-CCEHC,CCEHC,True,True
staff-scheduling_wt-instance11_old.wcnf,1,60,True,5.411871,5.411871,57408.0,SCOPE-CCEHC,CCEHC,True,True
staff-scheduling_wt-instance12_old.wcnf,1,60,True,13.826893,13.826893,65562.0,SCOPE-CCEHC,CCEHC,True,True
staff-scheduling_wt-instance2_old.wcnf,1,60,True,0.107409,54.77471,2853.0,SCOPE-CCEHC,CCEHC,True,True
staff-scheduling_wt-instance3_old.wcnf,1,60,True,0.280186,0.280186,8670.0,SCOPE-CCEHC,CCEHC,True,True
staff-scheduling_wt-instance4_old.wcnf,1,60,True,0.149208,0.149208,9678.0,SCOPE-CCEHC,CCEHC,True,True
staff-scheduling_wt-instance5_old.wcnf,1,60,True,0.36391,0.36391,7971.0,SCOPE-CCEHC,CCEHC,True,True
staff-scheduling_wt-instance6_old.wcnf,1,60,True,0.467784,0.467784,15857.0,SCOPE-CCEHC,CCEHC,True,True
staff-scheduling_wt-instance7_old.wcnf,1,60,True,0.626914,0.626914,19704.0,SCOPE-CCEHC,CCEHC,True,True
staff-scheduling_wt-instance8_old.wcnf,1,60,True,1.882207,1.882207,12681.0,SCOPE-CCEHC,CCEHC,True,True
staff-scheduling_wt-instance9_old.wcnf,1,60,True,6.508464,6.508464,24520.0,SCOPE-CCEHC,CCEHC,True,True
switchingactivitymaximization-SwitchingActivityMaximization_OpenRISC1200_100_old.wcnf,1,60,True,10.776029,10.776029,392.0,SCOPE-CCEHC,CCEHC,True,True
switchingactivitymaximization-SwitchingActivityMaximization_OpenRISC1200_150_old.wcnf,1,60,True,10.736806,10.736806,528.0,SCOPE-CCEHC,CCEHC,True,True
switchingactivitymaximization-SwitchingActivityMaximization_OpenRISC1200_200_old.wcnf,1,60,True,10.76704,10.76704,602.0,SCOPE-CCEHC,CCEHC,True,True
switchingactivitymaximization-SwitchingActivityMaximization_OpenRISC1200_66_old.wcnf,1,60,True,10.778484,10.778484,228.0,SCOPE-CCEHC,CCEHC,True,True
switchingactivitymaximization-SwitchingActivityMaximization_OpenRISC1200_68_old.wcnf,1,60,True,10.747739,10.747739,193.0,SCOPE-CCEHC,CCEHC,True,True
switchingactivitymaximization-SwitchingActivityMaximization_OpenRISC1200_70_old.wcnf,1,60,True,10.776476,10.776476,240.0,SCOPE-CCEHC,CCEHC,True,True
switchingactivitymaximization-SwitchingActivityMaximization_OpenRISC1200_72_old.wcnf,1,60,True,10.808577,10.808577,202.0,SCOPE-CCEHC,CCEHC,True,True
switchingactivitymaximization-SwitchingActivityMaximization_OpenRISC1200_80_old.wcnf,1,60,True,10.803063,10.803063,306.0,SCOPE-CCEHC,CCEHC,True,True
switchingactivitymaximization-SwitchingActivityMaximization_OpenRISC1200_90_old.wcnf,1,60,True,10.761531,10.761531,283.0,SCOPE-CCEHC,CCEHC,True,True
tcp_wt-tcp_students_112_it_2_old.wcnf,1,60,True,1.358502,1.358502,4032.0,SCOPE-CCEHC,CCEHC,True,True
timetabling_wt-comp02_old.wcnf,1,60,True,3.378926,3.378926,650.0,SCOPE-CCEHC,CCEHC,True,True
timetabling_wt-comp09_old.wcnf,1,60,True,3.580383,3.580383,619.0,SCOPE-CCEHC,CCEHC,True,True
timetabling_wt-comp12_old.wcnf,1,60,True,2.764792,2.764792,1602.0,SCOPE-CCEHC,CCEHC,True,True
timetabling_wt-dds4_old.wcnf,1,60,False,,,,SCOPE-CCEHC,CCEHC,True,False
