Dataset,InstanceKey,DualCoreFeasible,SingleCoreFeasible,DualCoreBestCost,SingleCoreBestCost,DualCorePaperTableTimeSeconds,SingleCoreBestTimeSeconds
23-wpms-60s,abstraction_refinement_wt_downcast_antlr_old,True,True,76306.0,78873.0,34.686586,23.305471
23-wpms-60s,abstraction_refinement_wt_downcast_avrora_old,True,True,46694.0,49759.0,14.304284,18.600554
23-wpms-60s,abstraction_refinement_wt_downcast_hsqldb_old,True,True,30280.0,32293.0,25.234902,39.530195
23-wpms-60s,abstraction_refinement_wt_downcast_pmd_old,True,True,4286.0,6287.0,48.309582,39.730666
23-wpms-60s,abstraction_refinement_wt_downcast_xalan_old,True,True,65534.0,65593.0,21.618389,59.118903
23-wpms-60s,abstraction_refinement_wt_polysite_avrora_old,True,True,51857.0,55020.0,23.433783,18.246408
23-wpms-60s,abstraction_refinement_wt_polysite_bloat_old,True,True,175.0,2397.0,57.487683,56.613969
23-wpms-60s,abstraction_refinement_wt_polysite_hsqldb_old,True,True,172545.0,177778.0,27.497383,14.021446
23-wpms-60s,abstraction_refinement_wt_polysite_pmd_old,True,True,188481.0,190826.0,50.939388,38.890768
23-wpms-60s,abstraction_refinement_wt_polysite_xalan_old,True,True,114706.0,117742.0,59.205456,24.742583
23-wpms-60s,causal_discovery_wt_causal_alarm_9_1000_old,True,True,31083142.0,36049513.0,40.597677,10.337372
23-wpms-60s,causal_discovery_wt_causal_carpo_8_1000_old,True,True,2807752.0,2244087.0,1.496232,59.277741
23-wpms-60s,causal_discovery_wt_causal_link_10_10000_old,True,True,39112847.0,39112847.0,31.665155,14.58234
23-wpms-60s,causal_discovery_wt_causal_link_10_1000_old,True,True,28490847.0,33562494.0,44.528984,29.284509
23-wpms-60s,causal_discovery_wt_causal_link_9_100_old,True,True,2083825.0,3242187.0,19.816289,0.660957
23-wpms-60s,causal_discovery_wt_causal_mushroom_7_1000_old,True,True,263844.0,9414169.0,3.679244,17.961601
23-wpms-60s,causal_discovery_wt_causal_pigs_6_1000_old,True,True,20157909.0,35110976.0,40.909082,0.258813
23-wpms-60s,causal_discovery_wt_causal_water_10_1000_old,True,True,45193159.0,45193159.0,1.787644,11.995383
23-wpms-60s,correlation_clustering_wt_rounded_correlationclustering_ionosphere_binary_n260_d0_200_old,True,True,6971412.0,7014701.0,54.005162,7.575854
23-wpms-60s,correlation_clustering_wt_rounded_correlationclustering_protein1_unary_n290_old,True,True,19777685.0,32090014.0,43.513486,7.034988
23-wpms-60s,correlation_clustering_wt_rounded_correlationclustering_protein2_binary_n220_old,True,True,13795036.0,14004102.0,48.786798,8.168954
23-wpms-60s,correlation_clustering_wt_rounded_correlationclustering_protein2_binary_n240_old,True,True,16116883.0,16116883.0,8.866129,8.684379
23-wpms-60s,correlation_clustering_wt_rounded_correlationclustering_protein2_binary_n380_old,True,True,38375977.0,39198852.0,14.743195,12.291395
23-wpms-60s,correlation_clustering_wt_rounded_correlationclustering_protein2_unary_n220_old,True,True,15466586.0,21300102.0,29.994488,4.198617
23-wpms-60s,correlation_clustering_wt_rounded_correlationclustering_protein3_transitive_n280_old,True,True,19709283.0,185255761.0,51.649583,33.073712
23-wpms-60s,correlation_clustering_wt_rounded_correlationclustering_protein3_unary_n220_old,True,True,15421570.0,19154505.0,59.131786,4.904447
23-wpms-60s,correlation_clustering_wt_rounded_correlationclustering_protein4_binary_n320_old,True,True,14733167.0,14733167.0,8.104489,7.871933
23-wpms-60s,correlation_clustering_wt_rounded_correlationclustering_protein4_unary_n250_old,True,True,9446804.0,11103273.0,36.796283,13.345582
23-wpms-60s,correlation_clustering_wt_rounded_correlationclustering_vowel_binary_n700_d0_200_old,True,True,75201247.0,75201247.0,1.49318,3.249223
23-wpms-60s,correlation_clustering_wt_rounded_correlationclustering_vowel_binary_n800_d0_200_old,True,True,86276967.0,86276967.0,6.522385,9.499026
23-wpms-60s,decision_tree_anneal_un_formula_0_8_2021_atleast_31_max_4_reduced_incomplete_adaboost_3_old,True,True,355.0,355.0,2.746004,4.655948
23-wpms-60s,decision_tree_anneal_un_formula_0_8_2021_atleast_31_max_4_reduced_incomplete_adaboost_5_old,True,True,750.0,762.0,21.550187,8.190515
23-wpms-60s,decision_tree_australian_credit_un_formula_0_8_2021_atleast_31_max_4_reduced_incomplete_adaboost_5_old,True,True,575.0,575.0,3.520656,3.850482
23-wpms-60s,decision_tree_heart_cleveland_un_formula_0_8_2021_atleast_127_max_6_reduced_incomplete_adaboost_2_old,True,True,72.0,72.0,5.170306,9.433333
23-wpms-60s,decision_tree_heart_cleveland_un_formula_0_8_2021_atleast_15_max_3_reduced_incomplete_adaboost_4_old,True,True,138.0,138.0,0.412411,0.475636
23-wpms-60s,decision_tree_heart_cleveland_un_formula_0_8_2021_atleast_31_max_4_reduced_incomplete_adaboost_4_old,True,True,146.0,146.0,0.734025,1.061532
23-wpms-60s,decision_tree_heart_cleveland_un_formula_0_8_2021_atleast_31_max_4_reduced_incomplete_adaboost_6_old,True,True,240.0,240.0,1.18692,1.421996
23-wpms-60s,decision_tree_primary_tumor_un_formula_0_8_2021_atleast_127_max_6_reduced_incomplete_adaboost_2_old,True,True,113.0,113.0,3.748317,5.149441
23-wpms-60s,decision_tree_primary_tumor_un_formula_0_8_2021_atleast_127_max_6_reduced_incomplete_adaboost_4_old,True,True,212.0,212.0,1.870911,3.209747
23-wpms-60s,decision_tree_primary_tumor_un_formula_0_8_2021_atleast_15_max_3_reduced_incomplete_adaboost_2_old,True,True,84.0,84.0,4.75212,4.63157
23-wpms-60s,decision_tree_primary_tumor_un_formula_0_8_2021_atleast_31_max_4_reduced_incomplete_adaboost_4_old,True,True,155.0,155.0,3.996085,4.240704
23-wpms-60s,decision_tree_primary_tumor_un_formula_0_8_2021_atleast_63_max_5_reduced_incomplete_adaboost_6_old,True,True,338.0,338.0,1.333713,1.645439
23-wpms-60s,decision_tree_tic_tac_toe_un_formula_0_8_2021_atleast_15_max_3_reduced_incomplete_adaboost_2_old,True,True,335.0,335.0,0.321898,0.371593
23-wpms-60s,decision_tree_tic_tac_toe_un_formula_0_8_2021_atleast_15_max_3_reduced_incomplete_adaboost_3_old,True,True,443.0,443.0,0.281453,0.323772
23-wpms-60s,decision_tree_tic_tac_toe_un_formula_0_8_2021_atleast_31_max_4_reduced_incomplete_adaboost_2_old,True,True,286.0,286.0,0.27908,0.3911
23-wpms-60s,drmx_cryptogen_wt_geffe128_7_old,True,True,800.0,811.0,31.471489,29.256319
23-wpms-60s,generalized_ising_wt_is11_5_0_5_0_0_5_softer_periodic_old,True,True,112072158920140.0,112229069992697.0,0.033039,0.66061
23-wpms-60s,generalized_ising_wt_is12_5_0_5_0_0_5_softer_periodic_old,True,True,113171466486232.0,113171466486232.0,0.360256,0.042741
23-wpms-60s,generalized_ising_wt_is13_5_0_5_0_0_5_softer_periodic_old,True,True,119401387482250.0,119401387482250.0,0.033324,0.038464
23-wpms-60s,generalized_ising_wt_is15_5_0_5_0_0_5_softer_periodic_old,True,True,114658059944605.0,114658059944605.0,0.03362,0.040442
23-wpms-60s,generalized_ising_wt_is16_5_0_5_0_0_5_softer_periodic_old,True,True,115258059944605.0,115258059944605.0,1.455659,6.026246
23-wpms-60s,generalized_ising_wt_is17_5_0_5_0_0_5_softer_periodic_old,True,True,115902780531937.0,115902780531937.0,0.136002,14.43247
23-wpms-60s,generalized_ising_wt_is20_5_0_5_0_0_5_softer_periodic_old,True,True,119388436533623.0,119388436533623.0,0.39826,0.074853
23-wpms-60s,generalized_ising_wt_is22_5_0_5_0_0_5_softer_periodic_old,True,True,119082223939873.0,119112776308211.0,25.964389,0.046755
23-wpms-60s,generalized_ising_wt_is23_5_0_5_0_0_5_softer_periodic_old,True,True,118663520151734.0,118663520151734.0,0.417967,0.097914
23-wpms-60s,generalized_ising_wt_is3_5_0_5_0_0_5_softer_periodic_old,True,True,116804575996363.0,116804575996363.0,6.852286,6.517449
23-wpms-60s,generalized_ising_wt_is4_5_0_5_0_0_5_softer_periodic_old,True,True,115857504490177.0,115857504490177.0,0.384973,0.075169
23-wpms-60s,generalized_ising_wt_is5_5_0_5_0_0_5_softer_periodic_old,True,True,114843630201223.0,114843630201223.0,0.846778,0.530368
23-wpms-60s,generalized_ising_wt_is6_5_0_5_0_0_5_softer_periodic_old,True,True,113797656078091.0,113797656078091.0,0.420676,0.108133
23-wpms-60s,generalized_ising_wt_is7_5_0_5_0_0_5_softer_periodic_old,True,True,112706601923009.0,112706601923009.0,0.384839,0.067018
23-wpms-60s,generalized_ising_wt_is9_5_0_5_0_0_5_softer_periodic_old,True,True,110066981524169.0,110066981524169.0,0.164168,0.100837
23-wpms-60s,hs_timetabling_wt_brazilinstance1_xml_old,True,True,117.0,117.0,46.109381,41.197715
23-wpms-60s,hs_timetabling_wt_brazilinstance2_xml_old,True,True,149.0,149.0,53.663514,50.028744
23-wpms-60s,hs_timetabling_wt_brazilinstance4_xml_old,True,True,267.0,267.0,2.495028,1.400781
23-wpms-60s,hs_timetabling_wt_brazilinstance5_xml_old,True,True,490.0,490.0,30.375501,28.734002
23-wpms-60s,hs_timetabling_wt_brazilinstance6_xml_old,True,True,546.0,546.0,58.579588,55.433164
23-wpms-60s,hs_timetabling_wt_brazilinstance7_xml_old,True,True,889.0,889.0,51.338087,48.925611
23-wpms-60s,hs_timetabling_wt_finlandsecondaryschool_xml_old,True,True,817.0,817.0,4.477372,1.525477
23-wpms-60s,hs_timetabling_wt_italyinstance4_xml_old,True,True,12143.0,12143.0,13.739286,19.840334
23-wpms-60s,judgment_aggregation_ja_kemeny_preflib_00049_00000300_old,True,True,776.0,793.0,10.228093,45.211594
23-wpms-60s,judgment_aggregation_ja_kemeny_preflib_00049_00000334_old,True,True,542.0,612.0,11.206292,53.342673
23-wpms-60s,judgment_aggregation_ja_kemeny_preflib_00049_00000451_old,True,True,930.0,1020.0,20.426311,47.63009
23-wpms-60s,judgment_aggregation_ja_kemeny_preflib_00049_00000454_old,True,True,632.0,715.0,10.913595,59.252515
23-wpms-60s,judgment_aggregation_ja_kemeny_preflib_00051_00000011_old,True,True,695.0,770.0,50.304088,59.829454
23-wpms-60s,max_realizability_wt_power_distribution_11_7_old,True,True,126.0,126.0,0.917633,1.157676
23-wpms-60s,max_realizability_wt_power_distribution_12_8_old,True,True,216.0,216.0,1.184802,1.694886
23-wpms-60s,max_realizability_wt_robot_navigation_10_old,True,True,39.0,39.0,17.097845,10.765869
23-wpms-60s,maxsatqueriesininterpretableclassifiers_wt_credit_train_8_cnf_5_20_old,True,True,96111.0,96480.0,44.182981,42.714297
23-wpms-60s,maxsatqueriesininterpretableclassifiers_wt_pima_train_6_cnf_3_20_old,True,True,2757.0,3310.0,12.984461,33.279058
23-wpms-60s,maxsatqueriesininterpretableclassifiers_wt_toms_test_2_cnf_3_20_old,True,True,174.0,195.0,35.287881,7.313947
23-wpms-60s,metro_wt_metro_8_8_5_20_10_6_500_1_3_lp_sm_extracted_old,True,True,215.0,215.0,11.102791,10.422013
23-wpms-60s,minimumweightdominatingsetproblem_wt_bn_human_bnu_1_0025865_session_1_bg_old,True,True,140539244.0,140539244.0,20.507008,4.321609
23-wpms-60s,minimumweightdominatingsetproblem_wt_channel_500x100x100_b050_old,True,True,33348213.0,478245864.0,23.124788,60.0
23-wpms-60s,minimumweightdominatingsetproblem_wt_delaunay_n24_old,True,True,276432528.0,1686108752.0,55.224311,14.750551
23-wpms-60s,minimumweightdominatingsetproblem_wt_hugebubbles_00020_old,True,True,588544429.0,2130406259.0,58.619689,22.059578
23-wpms-60s,minimumweightdominatingsetproblem_wt_inf_road_usa_old,True,True,759720620.0,2406515295.0,57.287177,60.0
23-wpms-60s,minimumweightdominatingsetproblem_wt_rgg_n_2_24_s0_old,False,True,,1686108752.0,,21.530565
23-wpms-60s,minimumweightdominatingsetproblem_wt_sc_rel9_old,True,True,14350185.0,592487432.0,41.596888,60.0
23-wpms-60s,minimumweightdominatingsetproblem_wt_soc_livejournal_user_groups_old,False,True,,752647274.0,,17.022285
23-wpms-60s,minimumweightdominatingsetproblem_wt_web_wikipedia2009_old,True,True,27076806.0,35092853.0,34.868388,12.3035
23-wpms-60s,mpe_wt_random_net_50_5_network_8_net_old,True,True,46535.0,48330.0,0.852322,33.617885
23-wpms-60s,parametricrbacmaintenance_mse20_wt_role_domino_multiple_0_1_8_old,True,True,38820.0,47682.0,36.882292,11.858381
23-wpms-60s,parametricrbacmaintenance_mse20_wt_role_domino_multiple_0_2_0_old,True,True,66832.0,72339.0,14.289191,12.84621
23-wpms-60s,parametricrbacmaintenance_mse20_wt_role_domino_multiple_0_5_1_old,True,True,142722.0,144463.0,14.176393,7.694683
23-wpms-60s,parametricrbacmaintenance_mse20_wt_role_domino_multiple_0_6_8_old,True,True,159803.0,159871.0,22.766386,10.864236
23-wpms-60s,parametricrbacmaintenance_mse20_wt_role_smallcomp_multiple_0_7_2_old,True,True,277373.0,277373.0,48.198383,57.553342
23-wpms-60s,parametricrbacmaintenance_mse20_wt_role_smallcomp_multiple_0_7_6_old,True,True,252162.0,252179.0,55.74388,3.561562
23-wpms-60s,parametricrbacmaintenance_mse20_wt_role_smallcomp_multiple_0_8_1_old,True,True,350793.0,350793.0,11.244889,10.3019
23-wpms-60s,parametricrbacmaintenance_mse20_wt_role_smallcomp_multiple_0_9_6_old,True,True,282321.0,282321.0,0.155859,0.151778
23-wpms-60s,parametricrbacmaintenance_mse20_wt_role_university_multiple_0_1_1_old,True,True,59217.0,63653.0,30.814284,11.022505
23-wpms-60s,parametricrbacmaintenance_mse20_wt_role_university_multiple_0_4_7_old,True,True,189712.0,234414.0,45.366495,9.515899
23-wpms-60s,parametricrbacmaintenance_mse20_wt_role_university_multiple_0_5_4_old,True,True,202345.0,215348.0,37.723988,10.60871
23-wpms-60s,parametricrbacmaintenance_mse20_wt_role_university_multiple_0_5_5_old,True,True,182756.0,198362.0,34.597293,12.141224
23-wpms-60s,parametricrbacmaintenance_mse20_wt_role_university_multiple_0_5_7_old,True,True,205794.0,263585.0,55.480298,11.131557
23-wpms-60s,pseudoboolean_wt_normalized_mps_v2_20_10_sentoy_opb_msat_old,True,True,9460.0,9460.0,0.503595,0.045891
23-wpms-60s,railway_transport_wt_bf2030fvslack_old,False,True,,264711.0,,46.735392
23-wpms-60s,railway_transport_wt_f2030_old,True,True,4863.0,6979.0,18.481694,51.969489
23-wpms-60s,railway_transport_wt_r11_old,True,True,54951510.0,68426962.0,35.700286,44.10578
23-wpms-60s,railway_transport_wt_wg2_old,True,True,168.0,866.0,15.833793,39.071245
23-wpms-60s,ramsey_wt_ram_k3_n14_ra1_old,True,True,3025.0,3025.0,0.520152,0.487794
23-wpms-60s,ramsey_wt_ram_k3_n16_ra1_old,True,True,7271.0,7271.0,0.092237,0.445167
23-wpms-60s,ramsey_wt_ram_k3_n19_ra1_old,True,True,20665.0,20665.0,1.259395,1.199161
23-wpms-60s,ramsey_wt_ram_k4_n19_ra1_old,True,True,1226.0,1240.0,50.602084,8.08801
23-wpms-60s,relational_inference_wt_pa_1_old,True,True,8282.0,8282.0,4.623064,5.633021
23-wpms-60s,relational_inference_wt_pa_2_old,True,True,3093.0,3093.0,27.052688,34.205265
23-wpms-60s,relational_inference_wt_pa_3_old,True,True,2967.0,2967.0,43.089388,51.811112
23-wpms-60s,setcover_wt_rail2536_old,True,True,2147034.0,2147034.0,6.416169,0.893264
23-wpms-60s,setcover_wt_rail4284_old,True,True,2119198.0,2119198.0,6.665312,0.719048
23-wpms-60s,setcover_wt_rail4872_old,True,True,1873139.0,1873139.0,5.860089,0.572911
23-wpms-60s,setcover_wt_rail507_old,True,True,220.0,220.0,30.139045,40.990556
23-wpms-60s,shiftdesign_wt_limits_10_10_data_1_inst_084_30m_sm_extracted_old,False,True,,49932711.0,,8.685382
23-wpms-60s,shiftdesign_wt_limits_10_10_data_1_inst_137_30m_sm_extracted_old,True,True,17244442.0,17244442.0,45.001416,5.296725
23-wpms-60s,shiftdesign_wt_limits_10_10_data_1_inst_182_30m_sm_extracted_old,False,True,,30573006.0,,18.996097
23-wpms-60s,shiftdesign_wt_limits_10_10_data_2_inst_003_30m_sm_extracted_old,False,True,,41321652.0,,23.025926
23-wpms-60s,shiftdesign_wt_limits_10_10_data_2_inst_025_30m_sm_extracted_old,False,True,,56212258.0,,32.401771
23-wpms-60s,shiftdesign_wt_limits_10_10_data_2_inst_030_30m_sm_extracted_old,False,False,,,,
23-wpms-60s,shiftdesign_wt_limits_10_10_data_3_inst_002_30m_sm_extracted_old,False,True,,35896155.0,,23.812287
23-wpms-60s,shiftdesign_wt_limits_10_10_data_3_inst_003_30m_sm_extracted_old,True,True,28190618.0,28190618.0,57.996181,5.956088
23-wpms-60s,shiftdesign_wt_limits_10_10_data_4_inst_003_60m_sm_extracted_old,False,True,,87521039.0,,15.346564
23-wpms-60s,spot5_wt_1401_wcsp_log_old,True,True,459106.0,468096.0,0.423798,8.161337
23-wpms-60s,spot5_wt_1403_wcsp_dir_old,True,True,459247.0,477264.0,0.91373,2.142991
23-wpms-60s,spot5_wt_1403_wcsp_log_old,True,True,459246.0,469238.0,18.809991,34.984276
23-wpms-60s,spot5_wt_1405_wcsp_dir_old,True,True,459419.0,475458.0,39.432283,0.589016
23-wpms-60s,spot5_wt_1506_wcsp_log_old,True,True,354524.0,360527.0,34.079588,34.26029
23-wpms-60s,spot5_wt_5_wcsp_log_old,True,True,261.0,270.0,0.244133,1.317163
23-wpms-60s,staff_scheduling_wt_instance10_old,True,True,6625.0,6625.0,36.629687,35.573344
23-wpms-60s,staff_scheduling_wt_instance11_old,True,True,3653.0,3653.0,23.444489,23.484073
23-wpms-60s,staff_scheduling_wt_instance12_old,True,True,7138.0,7138.0,58.814785,59.459805
23-wpms-60s,staff_scheduling_wt_instance2_old,True,True,838.0,838.0,3.977892,3.860856
23-wpms-60s,staff_scheduling_wt_instance3_old,True,True,1026.0,1026.0,16.874884,15.631603
23-wpms-60s,staff_scheduling_wt_instance4_old,True,True,1740.0,1740.0,45.344302,41.118414
23-wpms-60s,staff_scheduling_wt_instance5_old,True,True,1287.0,1287.0,27.517381,25.447251
23-wpms-60s,staff_scheduling_wt_instance6_old,True,True,2081.0,2081.0,11.470191,11.721238
23-wpms-60s,staff_scheduling_wt_instance7_old,True,True,1178.0,1178.0,49.305996,46.091683
23-wpms-60s,staff_scheduling_wt_instance8_old,True,True,2848.0,2848.0,19.369593,19.013345
23-wpms-60s,staff_scheduling_wt_instance9_old,True,True,2161.0,2161.0,40.614505,39.74574
23-wpms-60s,switchingactivitymaximization_switchingactivitymaximization_openrisc1200_100_old,True,True,392.0,392.0,10.88295,1.683164
23-wpms-60s,switchingactivitymaximization_switchingactivitymaximization_openrisc1200_150_old,True,True,528.0,528.0,11.208154,1.715318
23-wpms-60s,switchingactivitymaximization_switchingactivitymaximization_openrisc1200_200_old,True,True,602.0,602.0,10.82603,2.894342
23-wpms-60s,switchingactivitymaximization_switchingactivitymaximization_openrisc1200_66_old,True,True,228.0,228.0,11.13241,1.560864
23-wpms-60s,switchingactivitymaximization_switchingactivitymaximization_openrisc1200_68_old,True,True,193.0,193.0,11.188073,1.806776
23-wpms-60s,switchingactivitymaximization_switchingactivitymaximization_openrisc1200_70_old,True,True,240.0,240.0,11.142553,2.395536
23-wpms-60s,switchingactivitymaximization_switchingactivitymaximization_openrisc1200_72_old,True,True,202.0,202.0,11.149927,1.690525
23-wpms-60s,switchingactivitymaximization_switchingactivitymaximization_openrisc1200_80_old,True,True,306.0,306.0,11.173449,1.91335
23-wpms-60s,switchingactivitymaximization_switchingactivitymaximization_openrisc1200_90_old,True,True,283.0,283.0,11.047524,1.725054
23-wpms-60s,tcp_wt_tcp_students_112_it_2_old,True,True,3699.0,3699.0,47.64499,43.422649
23-wpms-60s,timetabling_wt_comp02_old,True,True,136.0,136.0,8.534413,8.313114
23-wpms-60s,timetabling_wt_comp09_old,True,True,135.0,135.0,27.633787,26.418678
23-wpms-60s,timetabling_wt_comp12_old,True,True,560.0,560.0,30.099687,29.021067
23-wpms-60s,timetabling_wt_dds4_old,False,False,,,,
23-pms-60s,aes_mul_8_11_old,True,True,64.0,71.0,30.190478,28.228758
23-pms-60s,aes_mul_8_13_old,True,True,62.0,72.0,29.357983,27.170768
23-pms-60s,aes_mul_8_14_old,True,True,57.0,66.0,34.743884,32.994568
23-pms-60s,aes_mul_8_3_old,True,True,36.0,36.0,4.702708,4.761596
23-pms-60s,aes_mul_8_9_old,True,True,42.0,43.0,28.228288,9.662716
23-pms-60s,aes_sbox_8_old,True,True,136253.0,136253.0,4.871909,2.063066
23-pms-60s,atcoss_atcoss_mesat_02_old,True,True,300.0,300.0,11.539919,4.606668
23-pms-60s,atcoss_atcoss_mesat_15_old,True,True,300.0,300.0,29.55094,17.372299
23-pms-60s,atcoss_atcoss_sugar_05_old,True,True,91.0,91.0,7.701088,3.138445
23-pms-60s,atcoss_atcoss_sugar_15_old,True,True,300.0,300.0,18.160002,12.941729
23-pms-60s,bcp_su3_simp_genos_haps_9_old,True,True,106.0,106.0,10.801887,10.379622
23-pms-60s,decision_tree_anneal_un_formula_0_8_2021_atleast_127_max_6_reduced_incomplete_tree_old,True,True,120.0,120.0,7.876012,11.774172
23-pms-60s,decision_tree_australian_credit_un_formula_0_8_2021_atleast_127_max_6_reduced_incomplete_tree_old,True,True,73.0,273.0,9.680141,3.788177
23-pms-60s,decision_tree_breast_cancer_un_formula_0_8_2021_atleast_127_max_6_reduced_incomplete_tree_old,True,True,54.0,59.0,50.119786,10.132871
23-pms-60s,decision_tree_breast_cancer_un_formula_0_8_2021_atleast_15_max_3_reduced_incomplete_tree_old,True,True,57.0,57.0,6.48926,6.451309
23-pms-60s,decision_tree_car_un_formula_0_8_2021_atleast_31_max_4_reduced_incomplete_tree_old,True,True,193.0,242.0,53.902482,3.212326
23-pms-60s,decision_tree_car_un_formula_0_8_2021_atleast_63_max_5_reduced_incomplete_tree_old,True,True,193.0,193.0,1.462674,1.951175
23-pms-60s,decision_tree_heart_cleveland_un_formula_0_8_2021_atleast_15_max_3_reduced_incomplete_tree_old,True,True,52.0,52.0,3.45801,3.379994
23-pms-60s,decision_tree_heart_cleveland_un_formula_0_8_2021_atleast_63_max_5_reduced_incomplete_tree_old,True,True,52.0,52.0,1.617283,2.389541
23-pms-60s,decision_tree_hypothyroid_un_formula_0_8_2021_atleast_63_max_5_reduced_incomplete_tree_old,True,True,102.0,102.0,6.733173,8.324887
23-pms-60s,decision_tree_kr_vs_kp_un_formula_0_8_2021_atleast_31_max_4_reduced_incomplete_tree_old,True,True,811.0,1329.0,36.101595,0.406052
23-pms-60s,decision_tree_kr_vs_kp_un_formula_0_8_2021_atleast_63_max_5_reduced_incomplete_tree_old,True,True,811.0,1329.0,15.324786,1.080819
23-pms-60s,decision_tree_lymph_un_formula_0_8_2021_atleast_31_max_4_reduced_incomplete_tree_old,True,True,27.0,27.0,0.464282,0.597902
23-pms-60s,decision_tree_mushroom_un_formula_0_8_2021_atleast_15_max_3_reduced_incomplete_tree_old,True,True,3341.0,3341.0,3.385528,0.508447
23-pms-60s,decision_tree_tic_tac_toe_un_formula_0_8_2021_atleast_127_max_6_reduced_incomplete_tree_old,True,True,230.0,230.0,2.795819,4.118982
23-pms-60s,extension_enforcement_extension_enforcement_non_strict_stb_200_0_05_1_10_1_old,True,True,15.0,17.0,36.551388,3.433283
23-pms-60s,fault_diagnosis_s38584_nan_explicit_10_0_old,True,True,235.0,315.0,20.994296,0.502425
23-pms-60s,fault_diagnosis_s38584_nan_explicit_9_0_old,True,True,277.0,288.0,14.527089,3.291938
23-pms-60s,gen_hyper_tw_genhypertw_2bitcomp_5_old,True,True,16.0,34.0,39.381382,10.544801
23-pms-60s,gen_hyper_tw_genhypertw_aim_50_1_6_no_3_old,True,True,11.0,76.0,51.218701,0.166589
23-pms-60s,gen_hyper_tw_genhypertw_aim_50_1_6_yes1_3_old,True,True,11.0,80.0,24.137084,0.171843
23-pms-60s,gen_hyper_tw_genhypertw_b01_old,True,True,6.0,45.0,8.435259,0.109242
23-pms-60s,gen_hyper_tw_genhypertw_dubois28_old,True,True,5.0,32.0,0.906653,5.34118
23-pms-60s,gen_hyper_tw_genhypertw_dubois29_old,True,True,5.0,34.0,37.409486,5.798548
23-pms-60s,gen_hyper_tw_genhypertw_flat30_99_old,True,True,22.0,48.0,43.315984,7.198278
23-pms-60s,gen_hyper_tw_genhypertw_grid4d_3_old,True,True,7.0,8.0,27.739173,0.219756
23-pms-60s,gen_hyper_tw_genhypertw_par8_1_c_old,True,True,11.0,15.0,29.642105,3.246656
23-pms-60s,gen_hyper_tw_genhypertw_pret60_25_old,True,True,6.0,8.0,20.687374,0.939498
23-pms-60s,gen_hyper_tw_genhypertw_s208_old,True,True,12.0,29.0,5.511016,5.332637
23-pms-60s,gen_hyper_tw_genhypertw_uf20_01_old,True,True,6.0,6.0,0.231614,0.277074
23-pms-60s,inconsistency_measurement_im_contension_a_2_grd_3908_2_1_tgf_pl_old,True,True,676.0,670.0,10.560586,58.746876
23-pms-60s,inconsistency_measurement_im_contension_b_3_stb_696_368_tgf_pl_old,True,True,67.0,67.0,40.553189,36.240547
23-pms-60s,inconsistency_measurement_im_contension_c_1_grd_3018_3_7_tgf_pl_old,True,True,527.0,527.0,28.029786,26.867918
23-pms-60s,inconsistency_measurement_im_forgetting_a_2_grd_3908_2_1_tgf_pl_old,True,True,756.0,756.0,26.908594,25.952617
23-pms-60s,inconsistency_measurement_im_forgetting_a_2_ws_300_16_70_30_tgf_pl_old,True,True,48.0,48.0,40.886183,35.943813
23-pms-60s,inconsistency_measurement_im_forgetting_a_2_ws_300_16_90_30_tgf_pl_old,True,True,47.0,47.0,6.452641,5.707896
23-pms-60s,inconsistency_measurement_im_forgetting_b_2_stb_625_161_tgf_pl_old,True,True,92.0,86.0,17.995717,55.539714
23-pms-60s,inconsistency_measurement_im_forgetting_b_3_stb_428_430_tgf_pl_old,True,True,65.0,65.0,5.363324,4.799479
23-pms-60s,inconsistency_measurement_im_forgetting_b_3_stb_457_193_tgf_pl_old,True,True,74.0,74.0,10.49458,9.341114
23-pms-60s,inconsistency_measurement_im_forgetting_b_3_ws_300_16_90_30_tgf_pl_old,True,True,54.0,54.0,32.65668,28.449814
23-pms-60s,inconsistency_measurement_im_forgetting_c_1_grd_5178_1_1_tgf_pl_old,True,True,1466.0,1466.0,0.393941,0.646425
23-pms-60s,inconsistency_measurement_im_forgetting_t_2_grd_4383_1_10_tgf_pl_old,True,True,871.0,871.0,14.446287,14.02744
23-pms-60s,inconsistency_measurement_im_forgetting_t_2_stb_339_81_tgf_pl_old,True,True,58.0,58.0,44.39129,39.427447
23-pms-60s,inconsistency_measurement_im_hit_a_1_grd_1790_4_8_tgf_pl_old,True,True,311.0,311.0,7.673303,7.34228
23-pms-60s,inconsistency_measurement_im_hit_a_1_grd_2065_1_8_tgf_pl_old,True,True,303.0,304.0,30.592198,9.709289
23-pms-60s,inconsistency_measurement_im_hit_a_2_grd_1948_5_1_tgf_pl_old,True,True,345.0,345.0,6.793249,6.711283
23-pms-60s,inconsistency_measurement_im_hit_b_1_grd_3018_3_7_tgf_pl_old,True,True,570.0,570.0,2.460183,2.421523
23-pms-60s,inconsistency_measurement_im_hit_b_3_stb_390_450_tgf_pl_old,True,True,45.0,46.0,33.593597,4.933431
23-pms-60s,inconsistency_measurement_im_hit_c_1_grd_3018_3_7_tgf_pl_old,True,True,534.0,534.0,11.893986,11.444077
23-pms-60s,inconsistency_measurement_im_sum_a_2_grd_1948_5_1_tgf_pl_old,True,True,367.0,367.0,57.782681,53.830239
23-pms-60s,inconsistency_measurement_im_sum_b_2_stb_330_291_tgf_pl_old,True,True,47.0,47.0,6.395061,5.655148
23-pms-60s,inconsistency_measurement_im_sum_b_3_stb_327_100_tgf_pl_old,True,True,52.0,52.0,14.285389,12.710585
23-pms-60s,inconsistency_measurement_im_sum_b_3_stb_339_393_tgf_pl_old,True,True,67.0,67.0,31.232567,27.792937
23-pms-60s,inconsistency_measurement_im_sum_b_3_stb_696_368_tgf_pl_old,True,True,88.0,88.0,25.142294,22.679972
23-pms-60s,inconsistency_measurement_im_sum_c_1_grd_1222_5_4_tgf_pl_old,True,True,225.0,225.0,3.004163,2.891027
23-pms-60s,judgment_aggregation_ja_maxham_preflib_00049_00000071_old,True,True,48.0,60.0,0.20139,37.153464
23-pms-60s,judgment_aggregation_ja_maxham_preflib_00049_00000157_old,True,True,53.0,69.0,3.151363,53.963123
23-pms-60s,judgment_aggregation_ja_maxham_preflib_00049_00000253_old,True,True,48.0,55.0,29.892588,25.690736
23-pms-60s,judgment_aggregation_ja_maxham_preflib_00049_00000260_old,True,True,51.0,73.0,22.639892,14.60708
23-pms-60s,judgment_aggregation_ja_maxham_preflib_00049_00000293_old,True,True,44.0,47.0,49.988492,51.282751
23-pms-60s,judgment_aggregation_ja_maxham_preflib_00049_00000295_old,True,True,55.0,59.0,4.476812,25.059814
23-pms-60s,judgment_aggregation_ja_maxham_preflib_00049_00000316_old,True,True,53.0,56.0,10.459184,13.682201
23-pms-60s,judgment_aggregation_ja_maxham_preflib_00049_00000333_old,True,True,53.0,60.0,8.631839,14.151539
23-pms-60s,judgment_aggregation_ja_maxham_preflib_00049_00000338_old,True,True,53.0,60.0,0.461625,9.215517
23-pms-60s,judgment_aggregation_ja_maxham_preflib_00049_00000385_old,True,True,37.0,44.0,22.720583,25.956718
23-pms-60s,judgment_aggregation_ja_maxham_preflib_00049_00000390_old,True,True,55.0,62.0,7.004972,3.875022
23-pms-60s,judgment_aggregation_ja_maxham_preflib_00049_00000444_old,True,True,54.0,58.0,31.55366,42.101842
23-pms-60s,judgment_aggregation_ja_maxham_preflib_00049_00000486_old,True,True,58.0,62.0,0.095027,36.543143
23-pms-60s,judgment_aggregation_ja_maxham_preflib_00049_00000492_old,True,True,48.0,61.0,0.35331,37.735143
23-pms-60s,judgment_aggregation_ja_maxham_preflib_00049_00000512_old,True,True,58.0,61.0,24.32799,24.298295
23-pms-60s,judgment_aggregation_ja_maxham_preflib_00049_00000517_old,True,True,60.0,64.0,27.885681,2.89819
23-pms-60s,judgment_aggregation_ja_maxham_preflib_00049_00000540_old,True,True,51.0,57.0,34.964583,10.648002
23-pms-60s,judgment_aggregation_ja_slater_preflib_00043_00000180_old,True,True,306.0,307.0,25.900681,13.730345
23-pms-60s,judgment_aggregation_ja_slater_preflib_00049_00000135_old,True,True,246.0,246.0,7.101167,12.501837
23-pms-60s,judgment_aggregation_ja_slater_preflib_00049_00000405_old,True,True,278.0,278.0,0.813869,2.426825
23-pms-60s,judgment_aggregation_ja_slater_preflib_00049_00000451_old,True,True,505.0,522.0,50.786884,39.236722
23-pms-60s,judgment_aggregation_ja_slater_preflib_00049_00000468_old,True,True,269.0,269.0,9.740204,44.354977
23-pms-60s,judgment_aggregation_ja_slater_preflib_00051_00000008_old,True,True,341.0,342.0,2.545254,9.90307
23-pms-60s,judgment_aggregation_ja_slater_preflib_00051_00000011_old,True,True,502.0,510.0,20.826359,42.123476
23-pms-60s,logic_synthesis_normalized_test4_pi_opb_msat_old,True,True,97.0,113.0,39.537255,1.148191
23-pms-60s,maxsatqueriesininterpretableclassifiers_twitter_train_2_cnf_4_1_old,True,True,1946.0,1705.0,6.044345,33.078787
23-pms-60s,maxsatqueriesininterpretableclassifiers_twitter_train_9_cnf_1_1_old,True,True,1811.0,1811.0,43.878062,41.261021
23-pms-60s,maxsatqueriesininterpretableclassifiers_wdbc_train_9_cnf_5_1_old,True,True,21.0,21.0,2.271696,2.270742
23-pms-60s,mbd_b14_c_mbd14_0277_old,True,True,25.0,25.0,0.199634,0.01525
23-pms-60s,min_fill_minfill_r0_mulsol_i_1_old,True,True,344.0,344.0,47.565481,49.991925
23-pms-60s,min_fill_minfill_r0_mulsol_i_2_old,True,True,563.0,563.0,30.786285,36.460511
23-pms-60s,min_fill_minfill_r0_mulsol_i_3_old,True,True,1185.0,1185.0,36.57408,42.795252
23-pms-60s,min_fill_minfill_r0_myciel5_old,True,True,196.0,196.0,33.033257,32.645661
23-pms-60s,min_fill_minfill_r0_myciel7_old,True,True,4604.0,12485.0,6.618634,9.867023
23-pms-60s,min_fill_minfill_r0_queen8_12_old,True,True,2588.0,2588.0,1.57838,2.017547
23-pms-60s,min_fill_minfill_r1_games120_old,True,True,1938.0,2129.0,48.238382,2.391302
23-pms-60s,min_fill_minfill_r3_miles1000_old,True,True,2160.0,2160.0,22.976691,23.708068
23-pms-60s,min_fill_minfill_r3_miles750_old,True,True,2055.0,2055.0,22.107981,23.720508
23-pms-60s,min_fill_minfill_r4_miles500_old,True,True,1145.0,1145.0,43.212484,43.117431
23-pms-60s,optic_gen_cvc_add7to3_9999_old,True,True,193.0,197.0,14.454088,0.666326
23-pms-60s,optic_gen_mult_4_5_991_old,True,True,117.0,117.0,14.898379,14.400302
23-pms-60s,optic_gen_mult_5_5_991_old,True,True,237.0,256.0,40.687781,8.069864
23-pms-60s,optimizing_bdds_anneal_un_wcnf_incomplete_improved_1_2019_5_old,True,True,127.0,140.0,56.851385,1.493691
23-pms-60s,optimizing_bdds_australian_credit_un_wcnf_incomplete_improved_1_2019_2_old,True,True,89.0,105.0,0.079303,29.234964
23-pms-60s,optimizing_bdds_australian_credit_un_wcnf_incomplete_improved_1_2019_5_old,True,True,76.0,76.0,9.047674,9.076062
23-pms-60s,optimizing_bdds_breast_cancer_un_wcnf_incomplete_improved_1_2019_7_old,True,True,23.0,24.0,43.17288,3.404863
23-pms-60s,optimizing_bdds_car_un_wcnf_incomplete_improved_1_2019_7_old,True,True,90.0,90.0,2.941193,3.738984
23-pms-60s,optimizing_bdds_heart_cleveland_un_wcnf_incomplete_improved_1_2019_9_old,True,True,16.0,20.0,27.778981,4.34868
23-pms-60s,optimizing_bdds_hypothyroid_un_wcnf_incomplete_improved_1_2019_3_old,True,True,62.0,277.0,52.574187,0.277472
23-pms-60s,optimizing_bdds_hypothyroid_un_wcnf_incomplete_improved_1_2019_5_old,True,True,60.0,62.0,23.025257,3.935678
23-pms-60s,optimizing_bdds_hypothyroid_un_wcnf_incomplete_improved_1_2019_7_old,True,True,57.0,62.0,13.392986,6.713308
23-pms-60s,optimizing_bdds_kr_vs_kp_un_wcnf_incomplete_improved_1_2019_4_old,True,True,189.0,1527.0,1.471011,0.298931
23-pms-60s,optimizing_bdds_kr_vs_kp_un_wcnf_incomplete_improved_1_2019_8_old,True,True,162.0,162.0,7.157095,7.864489
23-pms-60s,optimizing_bdds_lymph_un_wcnf_incomplete_improved_1_2019_7_old,True,True,6.0,6.0,8.77257,8.518105
23-pms-60s,optimizing_bdds_mushroom_un_wcnf_incomplete_improved_1_2019_4_old,True,True,180.0,3580.0,35.151099,2.69384
23-pms-60s,optimizing_bdds_mushroom_un_wcnf_incomplete_improved_1_2019_5_old,True,True,40.0,1476.0,23.053979,13.208476
23-pms-60s,optimizing_bdds_primary_tumor_un_wcnf_incomplete_improved_1_2019_9_old,True,True,31.0,31.0,2.902599,2.902059
23-pms-60s,optimizing_bdds_soybean_un_wcnf_incomplete_improved_1_2019_6_old,True,True,37.0,50.0,48.025482,0.536976
23-pms-60s,optimizing_bdds_splice_1_un_wcnf_incomplete_improved_1_2019_4_old,True,True,226.0,1495.0,11.537779,2.5504
23-pms-60s,optimizing_bdds_splice_1_un_wcnf_incomplete_improved_1_2019_5_old,True,True,340.0,531.0,13.074782,12.258723
23-pms-60s,optimizing_bdds_tic_tac_toe_un_wcnf_incomplete_improved_1_2019_6_old,True,True,147.0,147.0,3.486175,3.603856
23-pms-60s,optimizing_bdds_vote_un_wcnf_incomplete_improved_1_2019_7_old,True,True,6.0,6.0,0.180737,0.245655
23-pms-60s,optimizing_bdds_vote_un_wcnf_incomplete_improved_1_2019_8_old,True,True,5.0,5.0,2.413209,2.49336
23-pms-60s,planning_bnn_cellda_x_10_old,False,False,,,,
23-pms-60s,planning_bnn_cellda_x_12_old,False,True,,12.0,,60.0
23-pms-60s,planning_bnn_cellda_y_10_old,False,False,,,,
23-pms-60s,planning_bnn_cellda_y_9_old,False,False,,,,
23-pms-60s,planning_bnn_navigation_4x4_7_old,False,False,,,,
23-pms-60s,planning_bnn_navigation_5x5_10_old,False,False,,,,
23-pms-60s,planning_bnn_navigation_5x5_8_old,False,False,,,,
23-pms-60s,planning_bnn_navigation_5x5_9_old,False,False,,,,
23-pms-60s,planning_bnn_sysadmin_4_3_old,True,True,6.0,6.0,21.305869,3.523637
23-pms-60s,planning_bnn_sysadmin_5_3_old,False,False,,,,
23-pms-60s,planning_bnn_sysadmin_5_4_old,False,False,,,,
23-pms-60s,program_disambiguation_q22_yesno_1_old,False,False,,,,
23-pms-60s,program_disambiguation_q42_options_1_old,True,True,29.0,29.0,20.037154,2.525097
23-pms-60s,program_disambiguation_q45_yesno_1_old,False,False,,,,
23-pms-60s,program_disambiguation_q55_yesno_1_old,True,True,2.0,2.0,26.517611,3.117611
23-pms-60s,pseudoboolean_normalized_par32_3_opb_msat_old,False,False,,,,
23-pms-60s,pseudoboolean_normalized_par32_5_opb_msat_old,False,False,,,,
23-pms-60s,railway_transport_d4_old,True,True,5877.0,25234.0,18.91088,17.991974
23-pms-60s,railway_transport_pesp_18min_old,True,True,532.0,5318.0,9.265404,58.314579
23-pms-60s,railway_transport_pesp_5min_old,True,True,75.0,1581.0,36.85068,59.854797
23-pms-60s,railway_transport_we_old,False,True,,7964.0,,36.803371
23-pms-60s,ramsey_ram_k3_n11_ra0_old,True,True,7.0,7.0,0.000559,0.001489
23-pms-60s,ramsey_ram_k3_n14_ra0_old,True,True,21.0,21.0,0.002997,0.002755
23-pms-60s,ramsey_ram_k3_n15_ra0_old,True,True,30.0,30.0,0.001679,0.003157
23-pms-60s,ramsey_ram_k3_n17_ra0_old,True,True,50.0,50.0,0.004158,0.004171
23-pms-60s,ramsey_ram_k4_n18_ra0_old,True,True,9.0,9.0,0.005881,0.011309
23-pms-60s,ramsey_ram_k4_n20_ra0_old,True,True,24.0,24.0,0.011744,0.011445
23-pms-60s,reversi_rev66_16_old,True,True,29.0,29.0,0.471366,0.030007
23-pms-60s,reversi_rev66_26_old,True,True,20.0,20.0,0.76111,0.050062
23-pms-60s,reversi_rev66_28_old,True,True,18.0,18.0,0.824591,0.053749
23-pms-60s,reversi_rev66_32_old,True,True,24.0,24.0,0.926317,0.060985
23-pms-60s,scheduling_cnf_10_old,True,True,124.0,151.0,17.406258,5.222337
23-pms-60s,scheduling_cnf_12_old,True,True,126.0,148.0,46.215256,2.725432
23-pms-60s,scheduling_cnf_small_old,True,True,54.0,54.0,8.978518,8.890077
23-pms-60s,seansafarpour_rsdecoder1_blackbox_kesblock_problem_dimacs_30_filtered_old,True,True,40.0,40.0,24.239421,17.099584
23-pms-60s,setcover_sts_data_135_old,True,True,103.0,103.0,7.540639,29.22345
23-pms-60s,setcover_sts_data_243_old,True,True,198.0,198.0,0.059205,0.020207
23-pms-60s,setcover_sts_data_405_old,True,True,335.0,335.0,34.006238,33.384545
23-pms-60s,setcover_sts_data_729_old,True,True,617.0,617.0,2.083812,1.513064
23-pms-60s,tpr_b18_s_pathrelaxation_set_fs_8_old,True,True,3337.0,3337.0,7.165222,14.025617
23-pms-60s,treewidth_computation_twcomp_1c75_n69_old,True,True,32.0,35.0,51.105357,4.465517
23-pms-60s,treewidth_computation_twcomp_1dj7_n73_old,True,True,26.0,27.0,47.761754,9.407135
23-pms-60s,treewidth_computation_twcomp_eil51_tsp_n51_old,True,True,9.0,10.0,59.992186,1.021276
23-pms-60s,treewidth_computation_twcomp_queen7_7_n49_old,True,True,36.0,38.0,34.569857,0.342371
23-pms-60s,xai_mindset2_bnn_last_layer_f10_old,True,True,1212.0,1212.0,24.432842,20.423334
23-pms-60s,xai_mindset2_bupa_old,True,True,306.0,322.0,31.350587,16.591007
23-pms-60s,xai_mindset2_cleve_old,True,True,246.0,246.0,35.445116,45.869198
23-pms-60s,xai_mindset2_heart_h_old,True,True,203.0,203.0,3.429765,4.115669
23-pms-60s,xai_mindset2_postoperative_patient_data_old,True,True,85.0,85.0,14.532088,14.147074
23-pms-60s,xai_mindset2_shuttlem_old,False,True,,870.0,,10.27809
23-pms-60s,xai_mindset2_soybean_old,True,True,1304.0,1304.0,5.461292,2.3018
24-wpms-60s,abstraction_refinement_wt_downcast_antlr_old,True,True,76306.0,76306.0,35.666559,35.666559
24-wpms-60s,abstraction_refinement_wt_downcast_avrora_old,True,True,46694.0,46694.0,16.101549,16.101549
24-wpms-60s,abstraction_refinement_wt_downcast_hsqldb_old,True,True,30280.0,30280.0,25.648046,25.648046
24-wpms-60s,abstraction_refinement_wt_downcast_pmd_old,True,True,4286.0,4286.0,49.208053,49.208053
24-wpms-60s,abstraction_refinement_wt_downcast_xalan_old,True,True,65534.0,65534.0,23.751149,23.751149
24-wpms-60s,abstraction_refinement_wt_polysite_avrora_old,True,True,51857.0,51857.0,25.97386,25.97386
24-wpms-60s,abstraction_refinement_wt_polysite_bloat_old,True,True,175.0,175.0,58.188153,58.188153
24-wpms-60s,abstraction_refinement_wt_polysite_hsqldb_old,True,True,177778.0,177778.0,15.351144,15.351144
24-wpms-60s,abstraction_refinement_wt_polysite_lusearch_old,True,True,421547.0,421547.0,35.329454,35.329454
24-wpms-60s,abstraction_refinement_wt_polysite_pmd_old,True,True,188481.0,188481.0,55.493045,55.493045
24-wpms-60s,abstraction_refinement_wt_polysite_xalan_old,True,True,114718.0,114718.0,59.648754,59.648754
24-wpms-60s,af_synthesis_wt_af_synthesis_stb_50_100_4_old,True,True,124.0,124.0,10.13155,10.13155
24-wpms-60s,af_synthesis_wt_af_synthesis_stb_50_120_5_old,True,True,117.0,117.0,25.602949,25.602949
24-wpms-60s,af_synthesis_wt_af_synthesis_stb_50_140_0_old,True,True,121.0,121.0,30.016167,30.016167
24-wpms-60s,af_synthesis_wt_af_synthesis_stb_50_140_1_old,True,True,127.0,127.0,1.663122,1.663122
24-wpms-60s,af_synthesis_wt_af_synthesis_stb_50_140_7_old,True,True,109.0,109.0,2.234618,2.234618
24-wpms-60s,af_synthesis_wt_af_synthesis_stb_50_160_1_old,True,True,111.0,111.0,49.236548,49.236548
24-wpms-60s,af_synthesis_wt_af_synthesis_stb_50_160_5_old,True,True,113.0,113.0,58.712352,58.712352
24-wpms-60s,af_synthesis_wt_af_synthesis_stb_50_160_9_old,True,True,113.0,113.0,12.227553,12.227553
24-wpms-60s,af_synthesis_wt_af_synthesis_stb_50_200_0_old,True,True,127.0,127.0,16.251948,16.251948
24-wpms-60s,af_synthesis_wt_af_synthesis_stb_50_200_5_old,True,True,102.0,102.0,9.783123,9.783123
24-wpms-60s,af_synthesis_wt_af_synthesis_stb_50_20_4_old,True,True,117.0,117.0,0.347316,0.347316
24-wpms-60s,af_synthesis_wt_af_synthesis_stb_50_20_8_old,True,True,123.0,123.0,32.434548,32.434548
24-wpms-60s,af_synthesis_wt_af_synthesis_stb_50_40_0_old,True,True,112.0,112.0,29.087356,29.087356
24-wpms-60s,af_synthesis_wt_af_synthesis_stb_50_40_6_old,True,True,117.0,117.0,18.132647,18.132647
24-wpms-60s,af_synthesis_wt_af_synthesis_stb_50_40_8_old,True,True,117.0,117.0,53.026652,53.026652
24-wpms-60s,btbnsl_wt_rounded_btwbnsl_alarm_100_1_3_scores_twbound_3_old,True,True,140415479.0,140415479.0,37.125049,37.125049
24-wpms-60s,btbnsl_wt_rounded_btwbnsl_flag_bic_twbound_3_old,True,True,280751827.0,280751827.0,31.519947,31.519947
24-wpms-60s,btbnsl_wt_rounded_btwbnsl_flag_bic_twbound_4_old,True,True,280000725.0,280000725.0,24.981248,24.981248
24-wpms-60s,btbnsl_wt_rounded_btwbnsl_hailfinder_10000_1_3_scores_twbound_3_old,True,True,52784164701.0,52784164701.0,42.758155,42.758155
24-wpms-60s,btbnsl_wt_rounded_btwbnsl_hailfinder_1000_1_3_scores_twbound_2_old,True,True,5321888414.0,5321888414.0,19.423945,19.423945
24-wpms-60s,btbnsl_wt_rounded_btwbnsl_hailfinder_1000_1_3_scores_twbound_3_old,True,True,5331973049.0,5331973049.0,25.343752,25.343752
24-wpms-60s,btbnsl_wt_rounded_btwbnsl_hailfinder_1000_1_3_scores_twbound_4_old,True,True,5305728606.0,5305728606.0,34.403649,34.403649
24-wpms-60s,btbnsl_wt_rounded_btwbnsl_hepatitis_bic_twbound4_old,True,True,133205593.0,133205593.0,42.68725,42.68725
24-wpms-60s,btbnsl_wt_rounded_btwbnsl_horse_bic_twbound_2_old,True,True,457315107.0,457315107.0,38.307852,38.307852
24-wpms-60s,btbnsl_wt_rounded_btwbnsl_insurance_1000_1_3_scores_twbound_3_old,True,True,1437466095.0,1437466095.0,37.621546,37.621546
24-wpms-60s,btbnsl_wt_rounded_btwbnsl_insurance_1000_1_3_scores_twbound_4_old,True,True,1437182235.0,1437182235.0,57.988143,57.988143
24-wpms-60s,btbnsl_wt_rounded_btwbnsl_insurance_100_1_3_scores_twbound_3_old,True,True,173866139.0,173866139.0,54.590848,54.590848
24-wpms-60s,btbnsl_wt_rounded_btwbnsl_water_1000_1_2_scores_twbound_3_old,True,True,1329486402.0,1329486402.0,25.142051,25.142051
24-wpms-60s,btbnsl_wt_rounded_btwbnsl_wine_twbound_3_old,True,True,130750933.0,130750933.0,16.245251,16.245251
24-wpms-60s,causal_discovery_wt_causal_bands_6_277_old,True,True,110811.0,110811.0,43.916845,43.916845
24-wpms-60s,causal_discovery_wt_causal_hailfinder_7_100_old,True,True,2036684.0,2036684.0,2.386336,2.386336
24-wpms-60s,causal_discovery_wt_causal_insurance_8_10000_old,True,True,376260033.0,376260033.0,1.327596,1.327596
24-wpms-60s,causal_discovery_wt_causal_mildew_8_1000_old,True,True,84181407.0,84181407.0,0.227434,0.227434
24-wpms-60s,causal_discovery_wt_causal_n6_i2_n500_uai13_log_int_old,True,True,6544689777.0,6544689777.0,11.862247,11.862247
24-wpms-60s,causal_discovery_wt_causal_n7_i4_n500_uai14_log_int_old,True,True,100599175900.0,100599175900.0,59.42725,59.42725
24-wpms-60s,causal_discovery_wt_causal_water_10_100_old,True,True,1885872.0,1885872.0,12.954079,12.954079
24-wpms-60s,correlation_clustering_wt_rounded_correlationclustering_ionosphere_binary_n280_d0_200_old,True,True,7495586.0,7495586.0,16.338544,16.338544
24-wpms-60s,correlation_clustering_wt_rounded_correlationclustering_ionosphere_binary_n300_d0_200_old,True,True,8625859.0,8625859.0,54.969351,54.969351
24-wpms-60s,correlation_clustering_wt_rounded_correlationclustering_protein1_binary_n320_old,True,True,20115310.0,20115310.0,35.680847,35.680847
24-wpms-60s,correlation_clustering_wt_rounded_correlationclustering_protein1_binary_n400_old,True,True,33853182.0,33853182.0,47.843547,47.843547
24-wpms-60s,correlation_clustering_wt_rounded_correlationclustering_protein1_transitive_n270_old,True,True,15716890.0,15716890.0,15.844044,15.844044
24-wpms-60s,correlation_clustering_wt_rounded_correlationclustering_protein1_unary_n250_old,True,True,16146753.0,16146753.0,55.027346,55.027346
24-wpms-60s,correlation_clustering_wt_rounded_correlationclustering_protein3_transitive_n200_old,True,True,12826525.0,12826525.0,5.838734,5.838734
24-wpms-60s,correlation_clustering_wt_rounded_correlationclustering_protein3_transitive_n220_old,True,True,13890372.0,13890372.0,9.264795,9.264795
24-wpms-60s,correlation_clustering_wt_rounded_correlationclustering_protein4_binary_n360_old,True,True,17277256.0,17277256.0,17.770247,17.770247
24-wpms-60s,correlation_clustering_wt_rounded_correlationclustering_protein4_binary_n400_old,True,True,19050519.0,19050519.0,47.883445,47.883445
24-wpms-60s,correlation_clustering_wt_rounded_correlationclustering_protein4_transitive_n190_old,True,True,3553940.0,3553940.0,18.199853,18.199853
24-wpms-60s,correlation_clustering_wt_rounded_correlationclustering_vowel_binary_n700_d0_200_old,True,True,75201247.0,75201247.0,1.540717,1.540717
24-wpms-60s,csg_wt_csg140_140_6_old,True,True,59566.0,59566.0,34.352447,34.352447
24-wpms-60s,csg_wt_csgnaive140_140_6_old,True,True,58768.0,58768.0,1.771708,1.771708
24-wpms-60s,decision_tree_australian_credit_un_formula_0_8_2021_atleast_15_max_3_reduced_incomplete_adaboost_2_old,True,True,180.0,180.0,8.396795,8.396795
24-wpms-60s,decision_tree_australian_credit_un_formula_0_8_2021_atleast_15_max_3_reduced_incomplete_adaboost_5_old,True,True,495.0,495.0,9.004759,9.004759
24-wpms-60s,decision_tree_australian_credit_un_formula_0_8_2021_atleast_63_max_5_reduced_incomplete_adaboost_3_old,True,True,298.0,298.0,5.616517,5.616517
24-wpms-60s,decision_tree_australian_credit_un_formula_0_8_2021_atleast_63_max_5_reduced_incomplete_adaboost_5_old,True,True,484.0,484.0,1.041298,1.041298
24-wpms-60s,decision_tree_heart_cleveland_un_formula_0_8_2021_atleast_127_max_6_reduced_incomplete_adaboost_5_old,True,True,174.0,174.0,11.013447,11.013447
24-wpms-60s,decision_tree_heart_cleveland_un_formula_0_8_2021_atleast_15_max_3_reduced_incomplete_adaboost_5_old,True,True,203.0,203.0,15.265145,15.265145
24-wpms-60s,decision_tree_heart_cleveland_un_formula_0_8_2021_atleast_15_max_3_reduced_incomplete_adaboost_6_old,True,True,243.0,243.0,3.434738,3.434738
24-wpms-60s,decision_tree_primary_tumor_un_formula_0_8_2021_atleast_127_max_6_reduced_incomplete_adaboost_4_old,True,True,212.0,212.0,1.988775,1.988775
24-wpms-60s,decision_tree_primary_tumor_un_formula_0_8_2021_atleast_15_max_3_reduced_incomplete_adaboost_2_old,True,True,84.0,84.0,4.638711,4.638711
24-wpms-60s,decision_tree_primary_tumor_un_formula_0_8_2021_atleast_31_max_4_reduced_incomplete_adaboost_3_old,True,True,148.0,148.0,0.429401,0.429401
24-wpms-60s,decision_tree_primary_tumor_un_formula_0_8_2021_atleast_63_max_5_reduced_incomplete_adaboost_4_old,True,True,169.0,169.0,0.58134,0.58134
24-wpms-60s,decision_tree_primary_tumor_un_formula_0_8_2021_atleast_63_max_5_reduced_incomplete_adaboost_5_old,True,True,253.0,253.0,29.754852,29.754852
24-wpms-60s,decision_tree_tic_tac_toe_un_formula_0_8_2021_atleast_127_max_6_reduced_incomplete_adaboost_3_old,True,True,419.0,419.0,3.166664,3.166664
24-wpms-60s,decision_tree_tic_tac_toe_un_formula_0_8_2021_atleast_127_max_6_reduced_incomplete_adaboost_5_old,True,True,653.0,653.0,3.667227,3.667227
24-wpms-60s,decision_tree_tic_tac_toe_un_formula_0_8_2021_atleast_31_max_4_reduced_incomplete_adaboost_2_old,True,True,286.0,286.0,0.281058,0.281058
24-wpms-60s,drmx_cryptogen_wt_threshold128_0_old,True,True,810.0,810.0,20.727952,20.727952
24-wpms-60s,drmx_cryptogen_wt_threshold128_1_old,True,True,804.0,804.0,46.363364,46.363364
24-wpms-60s,drmx_cryptogen_wt_threshold128_2_old,True,True,811.0,811.0,6.76608,6.76608
24-wpms-60s,drmx_cryptogen_wt_threshold128_6_old,True,True,810.0,810.0,23.233585,23.233585
24-wpms-60s,drmx_cryptogen_wt_threshold128_8_old,True,True,810.0,810.0,8.626651,8.626651
24-wpms-60s,frb_wt_frb40_19_3_old,True,True,721.0,721.0,14.487154,14.487154
24-wpms-60s,frb_wt_frb40_19_4_old,True,True,722.0,722.0,0.093219,0.093219
24-wpms-60s,haplotyping_pedigrees_wt_ped2_g_recomb10_0_20_12_old,True,True,81483.0,81483.0,52.39035,52.39035
24-wpms-60s,haplotyping_pedigrees_wt_ped2_g_recomb10_0_20_13_old,True,True,81497.0,81497.0,55.091554,55.091554
24-wpms-60s,judgment_aggregation_ja_kemeny_preflib_00043_00000180_old,True,True,433.0,433.0,18.856048,18.856048
24-wpms-60s,judgment_aggregation_ja_kemeny_preflib_00049_00000287_old,True,True,782.0,782.0,16.014458,16.014458
24-wpms-60s,judgment_aggregation_ja_kemeny_preflib_00049_00000300_old,True,True,776.0,776.0,10.18725,10.18725
24-wpms-60s,judgment_aggregation_ja_kemeny_preflib_00049_00000334_old,True,True,542.0,542.0,10.961154,10.961154
24-wpms-60s,judgment_aggregation_ja_kemeny_preflib_00049_00000353_old,True,True,554.0,554.0,8.675254,8.675254
24-wpms-60s,judgment_aggregation_ja_kemeny_preflib_00049_00000377_old,True,True,647.0,647.0,9.778756,9.778756
24-wpms-60s,judgment_aggregation_ja_kemeny_preflib_00049_00000451_old,True,True,930.0,930.0,21.443054,21.443054
24-wpms-60s,judgment_aggregation_ja_kemeny_preflib_00049_00000454_old,True,True,632.0,632.0,10.552049,10.552049
24-wpms-60s,judgment_aggregation_ja_kemeny_preflib_00049_00000468_old,True,True,548.0,548.0,1.717538,1.717538
24-wpms-60s,judgment_aggregation_ja_kemeny_preflib_00049_00000614_old,True,True,792.0,792.0,12.660547,12.660547
24-wpms-60s,judgment_aggregation_ja_kemeny_preflib_00051_00000007_old,True,True,545.0,545.0,22.170845,22.170845
24-wpms-60s,judgment_aggregation_ja_kemeny_preflib_00051_00000009_old,True,True,634.0,634.0,47.293552,47.293552
24-wpms-60s,judgment_aggregation_ja_kemeny_preflib_00051_00000011_old,True,True,695.0,695.0,53.899453,53.899453
24-wpms-60s,lisbon_wedding_wt_lisbon_wedding_10_17_old,True,True,434.0,434.0,49.322346,49.322346
24-wpms-60s,lisbon_wedding_wt_lisbon_wedding_10_18_old,True,True,431.0,431.0,7.141867,7.141867
24-wpms-60s,lisbon_wedding_wt_lisbon_wedding_1_18_old,True,True,1215.0,1215.0,0.174309,0.174309
24-wpms-60s,lisbon_wedding_wt_lisbon_wedding_1_19_old,False,False,,,,
24-wpms-60s,lisbon_wedding_wt_lisbon_wedding_3_18_old,False,False,,,,
24-wpms-60s,lisbon_wedding_wt_lisbon_wedding_4_17_old,True,True,1457.0,1457.0,2.895186,2.895186
24-wpms-60s,lisbon_wedding_wt_lisbon_wedding_5_19_old,True,True,1172.0,1172.0,14.836753,14.836753
24-wpms-60s,lisbon_wedding_wt_lisbon_wedding_6_19_old,True,True,1130.0,1130.0,24.594643,24.594643
24-wpms-60s,lisbon_wedding_wt_lisbon_wedding_7_18_old,True,True,519.0,519.0,14.994655,14.994655
24-wpms-60s,lisbon_wedding_wt_lisbon_wedding_7_19_old,True,True,476.0,476.0,13.009646,13.009646
24-wpms-60s,lisbon_wedding_wt_lisbon_wedding_8_17_old,True,True,442.0,442.0,6.421018,6.421018
24-wpms-60s,lisbon_wedding_wt_lisbon_wedding_9_17_old,True,True,464.0,464.0,58.518855,58.518855
24-wpms-60s,lisbon_wedding_wt_lisbon_wedding_9_18_old,True,True,447.0,447.0,46.837353,46.837353
24-wpms-60s,max_realizability_wt_power_distribution_10_7_old,True,True,60.0,60.0,0.939663,0.939663
24-wpms-60s,max_realizability_wt_power_distribution_11_6_old,True,True,126.0,126.0,0.641552,0.641552
24-wpms-60s,max_realizability_wt_power_distribution_11_7_old,True,True,126.0,126.0,0.919723,0.919723
24-wpms-60s,max_realizability_wt_power_distribution_12_7_old,True,True,216.0,216.0,10.175748,10.175748
24-wpms-60s,maxsatqueriesininterpretableclassifiers_wt_compas_train_2_cnf_3_15_old,True,True,31574.0,31574.0,35.088652,35.088652
24-wpms-60s,maxsatqueriesininterpretableclassifiers_wt_heart_train_1_cnf_3_5_old,True,True,171.0,171.0,0.225099,0.225099
24-wpms-60s,maxsatqueriesininterpretableclassifiers_wt_twitter_train_5_cnf_4_10_old,True,True,17984.0,17984.0,8.649031,8.649031
24-wpms-60s,metro_wt_metro_8_8_5_20_10_6_500_1_3_lp_sm_extracted_old,True,True,215.0,215.0,10.068849,10.068849
24-wpms-60s,minimumweightdominatingsetproblem_wt_bn_human_bnu_1_0025865_session_1_bg_old,True,True,140539244.0,140539244.0,4.01786,4.01786
24-wpms-60s,minimumweightdominatingsetproblem_wt_channel_500x100x100_b050_old,True,True,33348213.0,33348213.0,26.15565,26.15565
24-wpms-60s,minimumweightdominatingsetproblem_wt_delaunay_n24_old,True,True,276432528.0,276432528.0,59.228447,59.228447
24-wpms-60s,minimumweightdominatingsetproblem_wt_hugebubbles_00020_old,True,True,588544429.0,588544429.0,60.0,60.0
24-wpms-60s,minimumweightdominatingsetproblem_wt_inf_road_usa_old,True,True,2406704625.0,2406704625.0,19.69365,19.69365
24-wpms-60s,minimumweightdominatingsetproblem_wt_rgg_n_2_24_s0_old,True,True,1686108752.0,1686108752.0,22.279767,22.279767
24-wpms-60s,minimumweightdominatingsetproblem_wt_sc_rel9_old,True,True,14350185.0,14350185.0,45.834355,45.834355
24-wpms-60s,minimumweightdominatingsetproblem_wt_socfb_uci_uni_old,False,False,,,,
24-wpms-60s,minimumweightdominatingsetproblem_wt_soc_livejournal_user_groups_old,True,True,752647274.0,752647274.0,17.594609,17.594609
24-wpms-60s,minimumweightdominatingsetproblem_wt_web_wikipedia2009_old,True,True,27076806.0,27076806.0,31.583148,31.583148
24-wpms-60s,mpe_wt_random_net_20_5_network_3_net_old,True,True,19569.0,19569.0,0.008768,0.008768
24-wpms-60s,mpe_wt_random_net_30_5_network_4_net_old,True,True,28151.0,28151.0,0.183852,0.183852
24-wpms-60s,mpe_wt_random_net_60_3_network_7_net_old,True,True,51797.0,51797.0,21.898145,21.898145
24-wpms-60s,parametricrbacmaintenance_mse20_wt_role_domino_multiple_0_1_1_old,True,True,39496.0,39496.0,27.239244,27.239244
24-wpms-60s,parametricrbacmaintenance_mse20_wt_role_domino_multiple_0_3_1_old,True,True,96181.0,96181.0,58.993445,58.993445
24-wpms-60s,parametricrbacmaintenance_mse20_wt_role_domino_multiple_0_3_9_old,True,True,92681.0,92681.0,19.32675,19.32675
24-wpms-60s,parametricrbacmaintenance_mse20_wt_role_domino_multiple_0_4_0_old,True,True,125512.0,125512.0,39.360846,39.360846
24-wpms-60s,parametricrbacmaintenance_mse20_wt_role_domino_multiple_0_4_1_old,True,True,125037.0,125037.0,38.877245,38.877245
24-wpms-60s,parametricrbacmaintenance_mse20_wt_role_domino_multiple_0_5_6_old,True,True,136639.0,136639.0,11.220652,11.220652
24-wpms-60s,parametricrbacmaintenance_mse20_wt_role_domino_multiple_0_5_7_old,True,True,136820.0,136820.0,10.565957,10.565957
24-wpms-60s,parametricrbacmaintenance_mse20_wt_role_domino_multiple_0_7_0_old,True,True,174208.0,174208.0,12.778245,12.778245
24-wpms-60s,parametricrbacmaintenance_mse20_wt_role_domino_multiple_0_7_7_old,True,True,165399.0,165399.0,11.221344,11.221344
24-wpms-60s,parametricrbacmaintenance_mse20_wt_role_smallcomp_multiple_0_1_9_old,True,True,107667.0,107667.0,11.08795,11.08795
24-wpms-60s,parametricrbacmaintenance_mse20_wt_role_smallcomp_multiple_0_4_2_old,True,True,193813.0,193813.0,4.581445,4.581445
24-wpms-60s,parametricrbacmaintenance_mse20_wt_role_smallcomp_multiple_0_5_2_old,True,True,224561.0,224561.0,6.562696,6.562696
24-wpms-60s,parametricrbacmaintenance_mse20_wt_role_smallcomp_multiple_0_8_0_old,True,True,313480.0,313480.0,46.315346,46.315346
24-wpms-60s,parametricrbacmaintenance_mse20_wt_role_smallcomp_multiple_0_8_2_old,True,True,297467.0,297467.0,34.026645,34.026645
24-wpms-60s,parametricrbacmaintenance_mse20_wt_role_smallcomp_multiple_0_8_6_old,True,True,267463.0,267463.0,54.453146,54.453146
24-wpms-60s,planning_bnn_inventory_4_7_old,True,True,15.0,15.0,10.811132,10.811132
24-wpms-60s,planning_bnn_inventory_4_8_old,True,True,22.0,22.0,8.958723,8.958723
24-wpms-60s,preference_planning_wt_wcnf_pathways_p16_old,True,True,257.0,257.0,0.071503,0.071503
24-wpms-60s,protein_ins_wt_1bpi_2knt_g_wcnf_t_old,True,True,2407.0,2407.0,5.99927,5.99927
24-wpms-60s,protein_ins_wt_1knt_1bpi_g_wcnf_t_old,True,True,2464.0,2464.0,10.967306,10.967306
24-wpms-60s,protein_ins_wt_1knt_5pti_g_wcnf_t_old,True,True,2208.0,2208.0,4.911836,4.911836
24-wpms-60s,protein_ins_wt_2knt_5pti_g_wcnf_t_old,True,True,2156.0,2156.0,0.787211,0.787211
24-wpms-60s,protein_ins_wt_3ebx_1era_g_wcnf_t_old,True,True,2517.0,2517.0,6.468724,6.468724
24-wpms-60s,protein_ins_wt_6ebx_1era_g_wcnf_t_old,True,True,1646.0,1646.0,1.66267,1.66267
24-wpms-60s,protein_ins_wt_p1_wcnf_t_old,True,True,2407.0,2407.0,6.387005,6.387005
24-wpms-60s,protein_ins_wt_sandiaprotein_g_wcnf_t_old,True,True,2248.0,2248.0,4.704774,4.704774
24-wpms-60s,pseudoboolean_wt_normalized_mps_v2_20_10_mod010_opb_msat_old,False,False,,,,
24-wpms-60s,quantum_circuit_grover_noancilla_4_52_ibmq_casablanca_7_old,True,True,345.0,345.0,0.288791,0.288791
24-wpms-60s,quantum_circuit_qgan_6_15_ibmq_casablanca_7_old,True,True,87.0,87.0,0.099528,0.099528
24-wpms-60s,railway_transport_wt_bf2030fvcons_old,True,True,3697.0,3697.0,2.010842,2.010842
24-wpms-60s,railway_transport_wt_bf2030fvslack_old,True,True,264711.0,264711.0,42.85295,42.85295
24-wpms-60s,railway_transport_wt_f2030_old,True,True,4863.0,4863.0,18.207547,18.207547
24-wpms-60s,railway_transport_wt_r11_old,True,True,54951510.0,54951510.0,35.404244,35.404244
24-wpms-60s,railway_transport_wt_wg2_old,True,True,168.0,168.0,15.577352,15.577352
24-wpms-60s,ramsey_wt_ram_k3_n11_ra1_old,True,True,318.0,318.0,0.242778,0.242778
24-wpms-60s,ramsey_wt_ram_k3_n12_ra1_old,True,True,524.0,524.0,0.040558,0.040558
24-wpms-60s,ramsey_wt_ram_k3_n17_ra1_old,True,True,10372.0,10372.0,1.161098,1.161098
24-wpms-60s,ramsey_wt_ram_k3_n18_ra1_old,True,True,15621.0,15621.0,0.577293,0.577293
24-wpms-60s,relational_inference_wt_ar_2_old,True,True,394787.0,394787.0,37.415143,37.415143
24-wpms-60s,relational_inference_wt_pa_1_old,True,True,8282.0,8282.0,4.394314,4.394314
24-wpms-60s,relational_inference_wt_pa_2_old,True,True,3093.0,3093.0,27.562151,27.562151
24-wpms-60s,relational_inference_wt_pa_3_old,True,True,446468655.0,446468655.0,6.461303,6.461303
24-wpms-60s,setcover_wt_rail2536_old,True,True,2147034.0,2147034.0,0.701715,0.701715
24-wpms-60s,setcover_wt_rail4284_old,True,True,2119198.0,2119198.0,0.71717,0.71717
24-wpms-60s,setcover_wt_rail4872_old,True,True,1873139.0,1873139.0,0.571922,0.571922
24-wpms-60s,setcover_wt_rail507_old,True,True,220.0,220.0,28.265549,28.265549
24-wpms-60s,setcover_wt_rail516_old,True,True,187.0,187.0,49.763844,49.763844
24-wpms-60s,setcover_wt_rail582_old,True,True,225.0,225.0,42.443846,42.443846
24-wpms-60s,spot5_wt_1405_wcsp_dir_old,True,True,459419.0,459419.0,37.229045,37.229045
24-wpms-60s,spot5_wt_1405_wcsp_log_old,True,True,459424.0,459424.0,1.381414,1.381414
24-wpms-60s,spot5_wt_1407_wcsp_log_old,True,True,459579.0,459579.0,13.710352,13.710352
24-wpms-60s,switchingactivitymaximization_switchingactivitymaximization_openrisc1200_100_old,True,True,392.0,392.0,0.775063,0.775063
24-wpms-60s,switchingactivitymaximization_switchingactivitymaximization_openrisc1200_150_old,True,True,528.0,528.0,0.780774,0.780774
24-wpms-60s,switchingactivitymaximization_switchingactivitymaximization_openrisc1200_200_old,True,True,602.0,602.0,0.77598,0.77598
24-wpms-60s,switchingactivitymaximization_switchingactivitymaximization_openrisc1200_66_old,True,True,228.0,228.0,0.775431,0.775431
24-wpms-60s,switchingactivitymaximization_switchingactivitymaximization_openrisc1200_68_old,True,True,193.0,193.0,0.774899,0.774899
24-wpms-60s,switchingactivitymaximization_switchingactivitymaximization_openrisc1200_70_old,True,True,240.0,240.0,0.779646,0.779646
24-wpms-60s,switchingactivitymaximization_switchingactivitymaximization_openrisc1200_74_old,True,True,277.0,277.0,0.783794,0.783794
24-wpms-60s,switchingactivitymaximization_switchingactivitymaximization_openrisc1200_76_old,True,True,231.0,231.0,0.780207,0.780207
24-wpms-60s,switchingactivitymaximization_switchingactivitymaximization_openrisc1200_80_old,True,True,306.0,306.0,0.777704,0.777704
24-wpms-60s,synplicate_new_synplicate_complete_tree_arity2_feature_4_size_10_ms_0_25_0_erm_old,True,True,617.0,617.0,46.24885,46.24885
24-wpms-60s,synplicate_new_synplicate_complete_tree_arity2_feature_4_size_11_ms_0_25_0_erm_old,True,True,607.0,607.0,38.012144,38.012144
24-wpms-60s,synplicate_new_synplicate_complete_tree_arity2_feature_4_size_6_ms_0_25_0_erm_old,True,True,454.0,454.0,58.420753,58.420753
24-wpms-60s,synplicate_new_synplicate_complete_tree_arity2_feature_4_size_8_ms_0_25_0_erm_old,True,True,559.0,559.0,29.635146,29.635146
24-wpms-60s,synplicate_new_synplicate_complete_tree_arity2_feature_4_size_9_ms_0_25_0_erm_old,True,True,529.0,529.0,1.484809,1.484809
24-wpms-60s,synplicate_new_synplicate_complete_tree_arity3_feature_3_size_10_ms_0_25_0_erm_old,True,True,504.0,504.0,27.191646,27.191646
24-wpms-60s,synplicate_new_synplicate_complete_tree_arity3_feature_3_size_11_ms_0_25_0_erm_old,True,True,609.0,609.0,9.362515,9.362515
24-wpms-60s,synplicate_new_synplicate_complete_tree_arity3_feature_3_size_5_ms_0_25_0_erm_old,True,True,456.0,456.0,57.815649,57.815649
24-wpms-60s,synplicate_new_synplicate_complete_tree_arity3_feature_3_size_8_ms_0_25_0_erm_old,True,True,534.0,534.0,58.357746,58.357746
24-wpms-60s,synplicate_new_synplicate_complete_tree_arity3_feature_4_size_10_ms_0_25_0_erm_old,True,True,822.0,822.0,5.674785,5.674785
24-wpms-60s,synplicate_new_synplicate_complete_tree_arity3_feature_4_size_12_ms_0_25_0_erm_old,True,True,964.0,964.0,0.477188,0.477188
24-wpms-60s,synplicate_new_synplicate_complete_tree_arity3_feature_4_size_5_ms_0_25_0_erm_old,True,True,608.0,608.0,18.206353,18.206353
24-wpms-60s,synplicate_new_synplicate_complete_tree_arity3_feature_4_size_6_ms_0_25_0_erm_old,True,True,647.0,647.0,55.518245,55.518245
24-wpms-60s,synplicate_new_synplicate_complete_tree_arity5_feature_3_size_7_ms_0_25_0_erm_old,True,True,670.0,670.0,35.098646,35.098646
24-wpms-60s,synplicate_new_synplicate_synthetic_dag_run1_14_size_5_ms_0_25_0_erm_old,True,True,544.0,544.0,57.635752,57.635752
24-wpms-60s,synplicate_new_synplicate_synthetic_dag_run1_14_size_6_ms_0_25_0_erm_old,True,True,633.0,633.0,33.195348,33.195348
24-wpms-60s,synplicate_new_synplicate_synthetic_dag_run1_16_size_4_ms_0_25_0_erm_old,True,True,305.0,305.0,43.937549,43.937549
24-wpms-60s,synplicate_new_synplicate_synthetic_dag_run1_17_size_5_ms_0_25_0_erm_old,True,True,119.0,119.0,15.903746,15.903746
24-wpms-60s,synplicate_new_synplicate_synthetic_dag_run2_0_size_10_ms_26_50_0_erm_old,True,True,1685.0,1685.0,1.005161,1.005161
24-wpms-60s,synplicate_new_synplicate_synthetic_dag_run2_10_size_11_ms_26_50_0_erm_old,True,True,1551.0,1551.0,0.761935,0.761935
24-wpms-60s,synplicate_new_synplicate_synthetic_dag_run2_11_size_10_ms_26_50_0_erm_old,True,True,1185.0,1185.0,0.871606,0.871606
24-wpms-60s,synplicate_new_synplicate_synthetic_dag_run2_12_size_8_ms_26_50_0_erm_old,True,True,982.0,982.0,3.504956,3.504956
24-wpms-60s,synplicate_new_synplicate_synthetic_dag_run2_13_size_11_ms_26_50_0_erm_old,True,True,1173.0,1173.0,1.241115,1.241115
24-wpms-60s,synplicate_new_synplicate_synthetic_dag_run2_16_size_9_ms_26_50_0_erm_old,True,True,1135.0,1135.0,0.573685,0.573685
24-wpms-60s,synplicate_new_synplicate_synthetic_dag_run2_17_size_10_ms_26_50_0_erm_old,True,True,1505.0,1505.0,1.479095,1.479095
24-wpms-60s,tcp_wt_tcp_students_112_it_13_old,True,True,3066.0,3066.0,7.121075,7.121075
24-wpms-60s,tcp_wt_tcp_students_112_it_5_old,True,True,3366.0,3366.0,40.054047,40.054047
24-wpms-60s,tcp_wt_tcp_students_91_it_13_old,True,True,2769.0,2769.0,53.916644,53.916644
24-wpms-60s,tcp_wt_tcp_students_98_it_11_old,True,True,2769.0,2769.0,29.227843,29.227843
24-wpms-60s,timetabling_wt_comp02_old,True,True,136.0,136.0,7.718303,7.718303
24-wpms-60s,timetabling_wt_comp06_old,True,True,203.0,203.0,34.678746,34.678746
24-wpms-60s,timetabling_wt_comp07_lp_sm_extracted_old,True,True,460.0,460.0,56.294846,56.294846
24-wpms-60s,timetabling_wt_comp07_old,True,True,285.0,285.0,47.972346,47.972346
24-wpms-60s,timetabling_wt_comp09_old,True,True,135.0,135.0,25.254047,25.254047
24-wpms-60s,timetabling_wt_comp10_old,True,True,268.0,268.0,59.811749,59.811749
24-wpms-60s,timetabling_wt_comp21_old,True,True,179.0,179.0,22.249452,22.249452
24-wpms-60s,timetabling_wt_test4_old,True,True,395.0,395.0,36.871745,36.871745
24-pms-60s,causal_discovery_causal_n6_i1_n500_uai13_harddeps_int_old,True,True,58.0,58.0,41.951008,44.79587
24-pms-60s,circuitdebuggingproblems_rsdecoder_debug_dimacs_old,True,True,1.0,1.0,1.363469,48.376376
24-pms-60s,circuitdebuggingproblems_spi_debug_dimacs_old,True,True,1.0,1.0,1.144671,54.811941
24-pms-60s,close_solutions_sat04_industrial_velev_pipe_sat_1_1_12pipe_bug4_q0_used_as_sat04_723_cnf_wcnf_8_old,True,True,86.0,86.0,3.367353,6.21894
24-pms-60s,close_solutions_sat04_industrial_velev_pipe_sat_1_1_12pipe_bug6_q0_used_as_sat04_725_cnf_wcnf_3_old,True,True,181.0,181.0,3.348289,19.576576
24-pms-60s,close_solutions_sat07_industrial_vliw_sat_4_0_9vliw_m_9stages_iq3_c1_bug6_cnf_wcnf_4_old,False,True,,838.0,,49.731417
24-pms-60s,close_solutions_sat11_application_fuhs_aprove11_aprove11_16_cnf_wcnf_1_old,True,True,263.0,263.0,52.162125,58.355436
24-pms-60s,close_solutions_sat_race06_velev_pipe_sat_1_0_b9_cnf_wcnf_8_old,True,False,79.0,,7.653354,
24-pms-60s,decision_tree_australian_credit_un_formula_0_8_2021_atleast_127_max_6_reduced_incomplete_tree_old,True,True,73.0,273.0,9.76481,7.436955
24-pms-60s,decision_tree_australian_credit_un_formula_0_8_2021_atleast_63_max_5_reduced_incomplete_tree_old,True,True,73.0,73.0,2.830515,4.069137
24-pms-60s,decision_tree_car_un_formula_0_8_2021_atleast_15_max_3_reduced_incomplete_tree_old,True,True,193.0,193.0,8.407285,8.403088
24-pms-60s,decision_tree_hypothyroid_un_formula_0_8_2021_atleast_127_max_6_reduced_incomplete_tree_old,True,True,102.0,2100.0,16.603586,4.85728
24-pms-60s,decision_tree_kr_vs_kp_un_formula_0_8_2021_atleast_127_max_6_reduced_incomplete_tree_old,True,True,811.0,1329.0,37.935084,3.456231
24-pms-60s,decision_tree_kr_vs_kp_un_formula_0_8_2021_atleast_31_max_4_reduced_incomplete_tree_old,True,True,811.0,1329.0,35.152391,0.440795
24-pms-60s,decision_tree_mushroom_un_formula_0_8_2021_atleast_127_max_6_reduced_incomplete_tree_old,False,True,,3341.0,,7.446584
24-pms-60s,decision_tree_soybean_un_formula_0_8_2021_atleast_127_max_6_reduced_incomplete_tree_old,True,True,65.0,79.0,35.662682,4.941994
24-pms-60s,decision_tree_soybean_un_formula_0_8_2021_atleast_15_max_3_reduced_incomplete_tree_old,True,True,55.0,55.0,3.552783,3.470315
24-pms-60s,decision_tree_soybean_un_formula_0_8_2021_atleast_31_max_4_reduced_incomplete_tree_old,True,True,64.0,73.0,32.496992,2.519879
24-pms-60s,decision_tree_soybean_un_formula_0_8_2021_atleast_63_max_5_reduced_incomplete_tree_old,True,True,73.0,73.0,4.620021,5.523985
24-pms-60s,decision_tree_splice_1_un_formula_0_8_2021_atleast_127_max_6_reduced_incomplete_tree_old,False,True,,1195.0,,11.859723
24-pms-60s,decision_tree_splice_1_un_formula_0_8_2021_atleast_31_max_4_reduced_incomplete_tree_old,True,True,469.0,1195.0,58.628787,1.422502
24-pms-60s,decision_tree_vote_un_formula_0_8_2021_atleast_15_max_3_reduced_incomplete_tree_old,True,True,11.0,11.0,0.086105,0.475672
24-pms-60s,decision_tree_vote_un_formula_0_8_2021_atleast_63_max_5_reduced_incomplete_tree_old,True,True,11.0,11.0,0.738921,1.22601
24-pms-60s,des_cnf_16_p_6_old,True,True,25.0,25.0,7.745217,4.452084
24-pms-60s,des_cnf_17_p_10_old,True,True,27.0,27.0,3.335482,0.621902
24-pms-60s,des_cnf_19_p_10_old,True,True,32.0,32.0,9.018598,5.119529
24-pms-60s,fault_diagnosis_s38584_nan_explicit_15_0_old,True,True,280.0,280.0,3.445065,3.954716
24-pms-60s,fault_diagnosis_s38584_nan_explicit_16_0_old,True,True,281.0,281.0,2.563672,2.929323
24-pms-60s,fault_diagnosis_s38584_nan_explicit_18_0_old,True,True,218.0,298.0,34.464981,7.629557
24-pms-60s,fault_diagnosis_s38584_nan_explicit_27_0_old,True,True,280.0,280.0,12.457591,12.447306
24-pms-60s,fault_diagnosis_s38584_nan_explicit_33_0_old,True,True,266.0,297.0,29.862585,1.737349
24-pms-60s,frb_frb40_19_2_partial_old,True,True,720.0,720.0,12.630593,25.970482
24-pms-60s,frb_frb40_19_4_partial_old,True,True,721.0,721.0,3.048104,2.779374
24-pms-60s,gen_hyper_tw_genhypertw_2bitcomp_5_old,True,True,16.0,34.0,37.445078,10.489457
24-pms-60s,gen_hyper_tw_genhypertw_aim_50_1_6_yes1_3_old,True,True,11.0,80.0,24.745891,0.260091
24-pms-60s,gen_hyper_tw_genhypertw_atv_partial_system_old,True,True,8.0,25.0,42.504585,7.410174
24-pms-60s,gen_hyper_tw_genhypertw_b01_old,True,True,6.0,45.0,8.495018,0.111566
24-pms-60s,gen_hyper_tw_genhypertw_b06_old,True,True,5.0,5.0,5.791463,5.772306
24-pms-60s,gen_hyper_tw_genhypertw_dubois29_old,True,True,5.0,34.0,37.66868,6.244504
24-pms-60s,gen_hyper_tw_genhypertw_flat30_1_old,True,True,22.0,46.0,30.76779,7.746635
24-pms-60s,gen_hyper_tw_genhypertw_flat30_99_old,True,True,22.0,48.0,43.111481,8.140111
24-pms-60s,gen_hyper_tw_genhypertw_grid3d_5_old,True,True,12.0,62.0,1.259517,0.2234
24-pms-60s,gen_hyper_tw_genhypertw_grid4d_3_old,True,True,7.0,8.0,27.622489,0.219893
24-pms-60s,gen_hyper_tw_genhypertw_hole8_old,True,True,9.0,38.0,29.056189,4.609507
24-pms-60s,gen_hyper_tw_genhypertw_par8_2_c_old,True,True,8.0,8.0,1.502923,4.634321
24-pms-60s,gen_hyper_tw_genhypertw_uf20_099_old,True,True,6.0,6.0,0.056045,0.125089
24-pms-60s,haplotypeassembly_splitedreads_0_matrix_old,True,True,1535.0,1707.0,23.254293,26.557456
24-pms-60s,hs_timetabling_greecewesterngreeceuniversityinstance4_xml_old,True,True,156.0,156.0,41.623183,42.482762
24-pms-60s,inconsistency_measurement_im_contension_a_2_grd_1697_5_7_tgf_pl_old,True,True,286.0,284.0,42.648883,57.351426
24-pms-60s,inconsistency_measurement_im_contension_a_2_grd_1948_5_1_tgf_pl_old,True,True,344.0,344.0,13.601191,12.987187
24-pms-60s,inconsistency_measurement_im_contension_a_2_grd_3018_3_7_tgf_pl_old,True,True,557.0,557.0,46.283285,45.576614
24-pms-60s,inconsistency_measurement_im_contension_a_2_grd_5178_1_1_tgf_pl_old,True,True,886.0,886.0,9.363583,9.426885
24-pms-60s,inconsistency_measurement_im_contension_c_1_grd_3018_3_7_tgf_pl_old,True,True,527.0,527.0,28.177284,28.024029
24-pms-60s,inconsistency_measurement_im_forgetting_a_2_ws_300_16_90_30_tgf_pl_old,True,True,47.0,47.0,6.503618,5.75485
24-pms-60s,inconsistency_measurement_im_forgetting_b_3_stb_339_393_tgf_pl_old,True,True,68.0,68.0,45.014991,40.186194
24-pms-60s,inconsistency_measurement_im_forgetting_b_3_stb_696_412_tgf_pl_old,True,True,94.0,94.0,18.145187,16.534705
24-pms-60s,inconsistency_measurement_im_forgetting_t_2_stb_265_466_tgf_pl_old,True,True,45.0,45.0,38.578281,34.092188
24-pms-60s,inconsistency_measurement_im_hit_a_2_ws_300_16_90_30_tgf_pl_old,True,True,34.0,34.0,1.443244,1.547548
24-pms-60s,inconsistency_measurement_im_hit_c_2_stb_304_352_tgf_pl_old,True,True,42.0,43.0,27.303387,2.076115
24-pms-60s,inconsistency_measurement_im_sum_a_2_stb_547_485_tgf_pl_old,True,True,81.0,81.0,36.028778,32.0185
24-pms-60s,inconsistency_measurement_im_sum_b_3_stb_390_450_tgf_pl_old,True,True,60.0,60.0,38.218289,33.750197
24-pms-60s,inconsistency_measurement_im_sum_b_3_stb_428_430_tgf_pl_old,True,True,67.0,67.0,3.611168,4.081402
24-pms-60s,inconsistency_measurement_im_sum_t_1_grd_2130_2_7_tgf_pl_old,True,True,444.0,444.0,5.886073,5.764277
24-pms-60s,judgment_aggregation_ja_maxham_preflib_00049_00000003_old,True,True,42.0,45.0,43.694583,54.968022
24-pms-60s,judgment_aggregation_ja_maxham_preflib_00049_00000092_old,True,True,48.0,51.0,37.551483,24.181025
24-pms-60s,judgment_aggregation_ja_maxham_preflib_00049_00000106_old,True,True,45.0,47.0,3.073036,49.213532
24-pms-60s,judgment_aggregation_ja_maxham_preflib_00049_00000272_old,True,True,60.0,66.0,57.136283,16.020712
24-pms-60s,judgment_aggregation_ja_maxham_preflib_00049_00000291_old,True,True,57.0,62.0,0.126978,12.296397
24-pms-60s,judgment_aggregation_ja_maxham_preflib_00049_00000304_old,True,True,59.0,63.0,0.120254,8.706455
24-pms-60s,judgment_aggregation_ja_maxham_preflib_00049_00000338_old,True,True,53.0,60.0,0.464399,9.489934
24-pms-60s,judgment_aggregation_ja_maxham_preflib_00049_00000511_old,True,True,49.0,66.0,1.111546,44.996734
24-pms-60s,judgment_aggregation_ja_maxham_preflib_00049_00000512_old,True,True,58.0,61.0,24.528382,24.746319
24-pms-60s,judgment_aggregation_ja_maxham_preflib_00049_00000516_old,True,True,57.0,62.0,6.258416,58.027805
24-pms-60s,judgment_aggregation_ja_maxham_preflib_00049_00000562_old,True,True,44.0,48.0,13.944386,21.129767
24-pms-60s,judgment_aggregation_ja_slater_preflib_00043_00000180_old,True,True,306.0,307.0,24.443191,14.384649
24-pms-60s,judgment_aggregation_ja_slater_preflib_00043_00000196_old,True,True,321.0,323.0,47.04189,6.986371
24-pms-60s,judgment_aggregation_ja_slater_preflib_00049_00000107_old,True,True,300.0,301.0,2.453544,30.488594
24-pms-60s,judgment_aggregation_ja_slater_preflib_00049_00000451_old,True,True,505.0,522.0,47.598964,41.245472
24-pms-60s,logic_synthesis_normalized_test4_pi_opb_msat_old,True,True,97.0,113.0,39.591072,1.251968
24-pms-60s,maxsatqueriesininterpretableclassifiers_compas_train_5_dnf_5_1_old,True,True,2159.0,2212.0,4.803573,1.212898
24-pms-60s,maxsatqueriesininterpretableclassifiers_credit_train_3_dnf_3_1_old,True,True,4856.0,4865.0,37.551089,2.925375
24-pms-60s,maxsatqueriesininterpretableclassifiers_toms_test_5_dnf_5_1_old,True,True,65.0,76.0,47.593784,37.39249
24-pms-60s,maxsatqueriesininterpretableclassifiers_toms_train_8_dnf_2_1_old,True,True,584.0,584.0,55.787866,58.658921
24-pms-60s,maxsatqueriesininterpretableclassifiers_twitter_train_3_cnf_2_1_old,True,True,1712.0,1712.0,40.42085,26.523375
24-pms-60s,min_fill_minfill_r0_mulsol_i_1_old,True,True,344.0,344.0,47.857655,48.636819
24-pms-60s,min_fill_minfill_r0_mulsol_i_3_old,True,True,1185.0,1185.0,37.835567,44.36799
24-pms-60s,min_fill_minfill_r0_myciel5_old,True,True,196.0,196.0,34.827182,32.797117
24-pms-60s,min_fill_minfill_r0_myciel6_old,True,True,761.0,761.0,36.238656,36.93927
24-pms-60s,min_fill_minfill_r0_myciel7_old,True,True,4604.0,12485.0,6.78402,10.159768
24-pms-60s,min_fill_minfill_r0_queen11_11_old,True,True,4477.0,4477.0,34.326981,35.986152
24-pms-60s,min_fill_minfill_r0_queen7_7_old,True,True,508.0,508.0,15.660653,15.283201
24-pms-60s,min_fill_minfill_r0_queen9_9_old,True,True,1712.0,1712.0,55.136174,56.254431
24-pms-60s,min_fill_minfill_r1_games120_old,True,True,1938.0,2129.0,49.089556,2.728895
24-pms-60s,min_fill_minfill_r3_david_old,True,True,76.0,73.0,28.40088,58.146429
24-pms-60s,min_fill_minfill_r3_miles750_old,True,True,2055.0,2055.0,22.216484,24.133237
24-pms-60s,minimize_5gons_u5_cube_maxcdcl_11_tmp_15_2655746_old,True,True,77.0,77.0,0.070215,0.100347
24-pms-60s,minimize_5gons_u5_cube_maxcdcl_12_tmp_15_2655746_old,True,True,77.0,77.0,0.075198,0.105056
24-pms-60s,minimize_5gons_u5_cube_maxcdcl_13_tmp_15_2655746_old,True,True,77.0,77.0,1.687563,1.656363
24-pms-60s,minimize_5gons_u5_cube_maxcdcl_18_tmp_15_2655746_old,True,True,77.0,77.0,3.302475,3.152256
24-pms-60s,minimize_5gons_u5_cube_maxcdcl_19_tmp_15_2655746_old,True,True,77.0,77.0,3.306312,3.117271
24-pms-60s,minimize_5gons_u5_cube_maxcdcl_20_tmp_15_2655746_old,True,True,77.0,77.0,0.362185,0.405114
24-pms-60s,minimize_5gons_u5_cube_maxcdcl_23_tmp_15_2655746_old,True,True,77.0,77.0,0.785954,0.780925
24-pms-60s,minimize_5gons_u5_cube_maxcdcl_24_tmp_15_2655746_old,True,True,77.0,77.0,0.027148,0.041223
24-pms-60s,minimize_5gons_u5_cube_maxcdcl_29_tmp_15_2655746_old,True,True,77.0,77.0,0.13879,0.163852
24-pms-60s,minimize_5gons_u5_cube_maxcdcl_32_tmp_15_2655746_old,True,True,77.0,77.0,0.087059,0.116742
24-pms-60s,minimize_5gons_u5_cube_maxcdcl_36_tmp_15_2655746_old,True,True,77.0,77.0,1.567233,1.524646
24-pms-60s,minimize_5gons_u5_cube_maxcdcl_38_tmp_15_2655746_old,True,True,77.0,77.0,3.050924,2.925337
24-pms-60s,minimize_5gons_u5_cube_maxcdcl_41_tmp_15_2655746_old,True,True,77.0,77.0,0.116158,0.158875
24-pms-60s,minimize_5gons_u5_cube_maxcdcl_44_tmp_15_2655746_old,True,True,77.0,77.0,0.061354,0.232303
24-pms-60s,minimize_5gons_u5_cube_maxcdcl_46_tmp_15_2655746_old,True,True,77.0,77.0,0.079587,0.262248
24-pms-60s,minimize_5gons_u5_cube_maxcdcl_48_tmp_15_2655746_old,True,True,77.0,77.0,0.187018,0.244047
24-pms-60s,minimize_5gons_u5_cube_maxcdcl_49_tmp_15_2655746_old,True,True,77.0,77.0,0.515373,0.60106
24-pms-60s,minimize_5gons_u5_cube_maxcdcl_53_tmp_15_2655746_old,True,True,77.0,77.0,6.316458,5.882679
24-pms-60s,minimize_5gons_u5_cube_maxcdcl_58_tmp_15_2655746_old,True,True,77.0,77.0,0.07066,0.172328
24-pms-60s,minimize_5gons_u5_cube_maxcdcl_59_tmp_15_2655746_old,True,True,77.0,77.0,0.066493,0.093776
24-pms-60s,minimize_5gons_u5_cube_maxcdcl_60_tmp_15_2655746_old,True,True,77.0,77.0,0.052174,0.068181
24-pms-60s,minimize_5gons_u5_cube_maxcdcl_61_tmp_15_2655746_old,True,True,77.0,77.0,4.594133,4.357414
24-pms-60s,minimize_5gons_u5_cube_maxcdcl_7_tmp_15_2655746_old,True,True,77.0,77.0,0.194986,0.222051
24-pms-60s,minimize_5gons_u5_cube_maxcdcl_8_tmp_15_2655746_old,True,True,77.0,77.0,0.041939,0.055061
24-pms-60s,minimize_5gons_u5_cube_maxcdcl_9_tmp_15_2655746_old,True,True,77.0,77.0,0.035505,0.07192
24-pms-60s,optic_gen_add_4_carry_991_old,True,True,56.0,56.0,2.4614,2.631456
24-pms-60s,optic_gen_add_6_carry_991_old,True,True,108.0,121.0,56.020684,11.083865
24-pms-60s,optic_gen_mult_4_5_991_old,True,True,117.0,117.0,14.87949,14.747911
24-pms-60s,optic_gen_mult_4_6_991_old,True,True,139.0,156.0,44.008062,6.284323
24-pms-60s,optic_gen_mult_4_6_9999_old,True,True,359.0,380.0,32.951663,21.04577
24-pms-60s,optic_gen_mult_5_5_991_old,True,True,237.0,256.0,42.052288,8.036902
24-pms-60s,optic_gen_mult_5_5_9999_old,True,True,512.0,520.0,38.776058,11.30077
24-pms-60s,optimizing_bdds_anneal_un_wcnf_incomplete_improved_1_2019_2_old,True,True,151.0,187.0,0.326254,0.059343
24-pms-60s,optimizing_bdds_anneal_un_wcnf_incomplete_improved_1_2019_5_old,True,True,129.0,140.0,58.799179,1.836388
24-pms-60s,optimizing_bdds_anneal_un_wcnf_incomplete_improved_1_2019_7_old,True,True,118.0,131.0,59.854984,0.711716
24-pms-60s,optimizing_bdds_breast_cancer_un_wcnf_incomplete_improved_1_2019_8_old,True,True,22.0,23.0,12.943482,1.195628
24-pms-60s,optimizing_bdds_hypothyroid_un_wcnf_incomplete_improved_1_2019_2_old,True,True,70.0,277.0,1.536818,0.178518
24-pms-60s,optimizing_bdds_lymph_un_wcnf_incomplete_improved_1_2019_6_old,True,True,14.0,14.0,0.053264,0.091887
24-pms-60s,optimizing_bdds_primary_tumor_un_wcnf_incomplete_improved_1_2019_4_old,True,True,52.0,82.0,25.748785,0.090987
24-pms-60s,optimizing_bdds_primary_tumor_un_wcnf_incomplete_improved_1_2019_8_old,True,True,38.0,38.0,0.741808,0.828925
24-pms-60s,optimizing_bdds_soybean_un_wcnf_incomplete_improved_1_2019_7_old,True,True,28.0,35.0,20.220388,2.022939
24-pms-60s,optimizing_bdds_splice_1_un_wcnf_incomplete_improved_1_2019_5_old,True,True,340.0,531.0,13.522882,12.905606
24-pms-60s,optimizing_bdds_splice_1_un_wcnf_incomplete_improved_1_2019_6_old,True,True,543.0,674.0,21.152276,13.641832
24-pms-60s,optimizing_bdds_tic_tac_toe_un_wcnf_incomplete_improved_1_2019_5_old,True,True,194.0,207.0,39.05817,3.465053
24-pms-60s,optimizing_bdds_tic_tac_toe_un_wcnf_incomplete_improved_1_2019_7_old,True,True,80.0,80.0,8.048976,8.289293
24-pms-60s,planning_bnn_cellda_x_10_old,False,False,,,,
24-pms-60s,planning_bnn_cellda_x_12_old,False,True,,12.0,,60.0
24-pms-60s,planning_bnn_cellda_y_8_old,False,False,,,,
24-pms-60s,planning_bnn_cellda_y_9_old,False,False,,,,
24-pms-60s,planning_bnn_navigation_4x4_5_old,False,False,,,,
24-pms-60s,planning_bnn_navigation_4x4_7_old,False,False,,,,
24-pms-60s,planning_bnn_navigation_5x5_9_old,False,False,,,,
24-pms-60s,planning_bnn_sysadmin_4_3_old,True,True,6.0,6.0,21.892748,3.204233
24-pms-60s,planning_bnn_sysadmin_4_4_old,False,False,,,,
24-pms-60s,planning_bnn_sysadmin_5_3_old,False,False,,,,
24-pms-60s,planning_bnn_sysadmin_5_4_old,False,False,,,,
24-pms-60s,privilege_escalation_cloud_access_control_repair_task_117_old,True,True,2258.0,2258.0,41.2684,2.501216
24-pms-60s,privilege_escalation_cloud_access_control_repair_task_130_old,True,True,132.0,132.0,35.459689,44.060253
24-pms-60s,privilege_escalation_cloud_access_control_repair_task_134_old,False,True,,6389.0,,13.076994
24-pms-60s,privilege_escalation_cloud_access_control_repair_task_141_old,False,True,,5293.0,,8.42791
24-pms-60s,privilege_escalation_cloud_access_control_repair_task_146_old,False,True,,8254.0,,9.343591
24-pms-60s,privilege_escalation_cloud_access_control_repair_task_15_old,False,True,,5255.0,,19.490335
24-pms-60s,privilege_escalation_cloud_access_control_repair_task_163_old,True,True,9.0,9.0,32.278987,38.676146
24-pms-60s,privilege_escalation_cloud_access_control_repair_task_178_old,True,True,4184.0,4184.0,57.717811,4.230782
24-pms-60s,privilege_escalation_cloud_access_control_repair_task_34_old,True,True,2703.0,2703.0,38.014519,3.54774
24-pms-60s,privilege_escalation_cloud_access_control_repair_task_47_old,False,True,,9166.0,,14.517578
24-pms-60s,privilege_escalation_cloud_access_control_repair_task_61_old,False,True,,16.0,,12.204007
24-pms-60s,privilege_escalation_cloud_access_control_repair_task_73_old,False,True,,5584.0,,5.292296
24-pms-60s,program_disambiguation_q27_yesno_1_old,True,True,6.0,6.0,36.670119,16.132433
24-pms-60s,program_disambiguation_q35_options_1_old,True,True,12.0,12.0,55.385532,25.589676
24-pms-60s,program_disambiguation_q36_yesno_1_old,False,False,,,,
24-pms-60s,protein_ins_1bpi_2knt_g_wcnf_t_old,True,True,35.0,35.0,0.961019,1.90032
24-pms-60s,protein_ins_1bpi_5pti_g_wcnf_t_old,True,True,29.0,29.0,1.456185,2.474358
24-pms-60s,protein_ins_1knt_1bpi_g_wcnf_t_old,True,True,35.0,35.0,1.023094,2.92291
24-pms-60s,protein_ins_1knt_5pti_g_wcnf_t_old,True,True,29.0,29.0,0.810043,1.435977
24-pms-60s,protein_ins_2knt_5pti_g_wcnf_t_old,True,True,32.0,35.0,0.82311,1.306116
24-pms-60s,protein_ins_3ebx_1era_g_wcnf_t_old,True,True,34.0,34.0,2.018439,4.044667
24-pms-60s,protein_ins_6ebx_1era_g_wcnf_t_old,True,True,30.0,30.0,0.445043,0.834952
24-pms-60s,protein_ins_p1_wcnf_t_old,True,True,35.0,35.0,0.957095,1.722112
24-pms-60s,protein_ins_sandiaprotein_g_wcnf_t_old,True,True,28.0,46.0,0.838869,2.911476
24-pms-60s,pseudoboolean_normalized_par32_1_opb_msat_old,False,False,,,,
24-pms-60s,pseudoboolean_normalized_par32_4_opb_msat_old,False,False,,,,
24-pms-60s,pseudoboolean_normalized_par32_5_opb_msat_old,False,False,,,,
24-pms-60s,railway_transport_d4_old,True,True,5877.0,25234.0,18.734784,18.326927
24-pms-60s,railway_transport_pesp_18min_old,True,True,532.0,5319.0,9.208411,57.298682
24-pms-60s,railway_transport_pesp_5min_old,True,True,75.0,1580.0,35.944282,59.487827
24-pms-60s,railway_transport_we_old,False,True,,7964.0,,36.263529
24-pms-60s,ramsey_ram_k3_n10_ra0_old,True,True,4.0,4.0,0.000443,0.016699
24-pms-60s,ramsey_ram_k3_n12_ra0_old,True,True,10.0,10.0,0.001087,0.019665
24-pms-60s,ramsey_ram_k3_n16_ra0_old,True,True,39.0,39.0,0.004382,0.020287
24-pms-60s,ramsey_ram_k3_n18_ra0_old,True,True,60.0,60.0,0.033407,0.012358
24-pms-60s,ramsey_ram_k3_n19_ra0_old,True,True,75.0,75.0,0.038459,0.018914
24-pms-60s,ramsey_ram_k4_n20_ra0_old,True,True,24.0,24.0,0.011727,0.012338
24-pms-60s,scheduling_cnf_10_center_old,True,True,225.0,230.0,12.977082,7.052687
24-pms-60s,scheduling_cnf_10_old,True,True,124.0,151.0,17.692589,5.86556
24-pms-60s,scheduling_cnf_12_center_old,True,True,261.0,261.0,10.624382,10.884901
24-pms-60s,scheduling_cnf_12_old,True,True,126.0,148.0,45.755483,3.101468
24-pms-60s,scheduling_cnf_small_old,True,True,54.0,54.0,9.625389,8.941949
24-pms-60s,seansafarpour_b15_bug_fourvec_gate_0_dimacs_seq_filtered_old,True,True,5.0,20851.0,13.230057,59.996964
24-pms-60s,seansafarpour_mem_ctrl_problem_dimacs_27_filtered_old,True,True,23.0,179586.0,22.757454,60.0
24-pms-60s,seansafarpour_rsdecoder4_dimacs_filtered_old,True,True,17.0,38.0,43.68406,57.882008
24-pms-60s,seansafarpour_rsdecoder5_dimacs_filtered_old,True,True,28.0,28.0,17.10792,11.558228
24-pms-60s,seansafarpour_rsdecoder_problem_dimacs_37_filtered_old,True,True,3.0,376.0,3.099742,57.217875
24-pms-60s,seansafarpour_rsdecoder_problem_dimacs_39_filtered_old,True,True,1.0,4.0,6.538819,52.811117
24-pms-60s,seansafarpour_wb_4m8s1_dimacs_filtered_old,True,True,34.0,35.0,32.096356,27.932138
24-pms-60s,seansafarpour_wb_4m8s4_dimacs_filtered_old,True,True,220.0,219.0,1.692787,49.349483
24-pms-60s,setcover_sts_data_135_old,True,True,103.0,103.0,7.692938,29.162955
24-pms-60s,setcover_sts_data_243_old,True,True,198.0,198.0,0.059096,0.033158
24-pms-60s,setcover_sts_data_405_old,True,True,335.0,335.0,34.401243,33.600538
24-pms-60s,setcover_sts_data_729_old,True,True,617.0,617.0,2.069212,1.527528
24-pms-60s,treewidth_computation_twcomp_1dj7_n73_old,True,True,26.0,27.0,48.766156,9.489293
24-pms-60s,treewidth_computation_twcomp_1en2_n69_old,True,True,16.0,18.0,26.226756,11.322397
24-pms-60s,treewidth_computation_twcomp_mulsol_i_5_pp_n119_old,True,True,31.0,52.0,18.904451,20.60094
24-pms-60s,treewidth_computation_twcomp_queen5_5_n25_old,True,True,18.0,18.0,0.023991,0.349374
24-pms-60s,xai_mindset2_australian_old,True,True,504.0,531.0,56.582675,29.694754
24-pms-60s,xai_mindset2_cleveland_nominal_old,True,True,402.0,402.0,1.657781,1.243112
24-pms-60s,xai_mindset2_colic_old,True,True,303.0,303.0,9.643512,10.698367
24-pms-60s,xai_mindset2_ecoli_old,True,True,619.0,619.0,2.262283,2.573442
24-pms-60s,xai_mindset2_house_votes_84_old,True,True,102.0,102.0,1.914372,1.469904
24-pms-60s,xai_mindset2_lymphography_old,True,True,67.0,67.0,1.759801,1.945951
24-pms-60s,xai_mindset2_postoperative_patient_data_old,True,True,85.0,85.0,14.959553,14.079678
