ConfigID,ParameterGroup,ParameterName,ParameterValue,Feasible,DeltaFeasibleVsBase,FeasibilityGains,FeasibilityLosses,CommonFeasible,QualityWins,QualityLosses,QualityTies,QualityWinShareAmongChangedPct,MedianRelativeCostChangePct,MedianRelativeCostChangeAmongChangedPct,MedianRelativeCostChangeCI95LowPct,MedianRelativeCostChangeCI95HighPct,MeanRelativeCostChangePct,CostSignTestP,Strict60QualityEligible,Strict60CommonQuality,Strict60QualityWins,Strict60QualityLosses,Strict60QualityTies,Strict60CostSignTestP,MedianFirstFeasibleTimeSeconds,MeanFirstFeasibleTimeSeconds,MedianPaperTableTimeSeconds,MeanPaperTableTimeSeconds,MeanWinningPaperTableTimeSeconds,NeitherFeasible,CostSignTestHolmP,Strict60CostSignTestHolmP,CoverageFirstVerdict
BASE,reference,deployment,frozen,159,0,0,0,159,0,0,159,,0.0,,0.0,0.0,0.0,1.0,154,154,0,0,154,1.0,1.490124,6.406579855345912,10.24051,18.231176974842768,,1,1.0,1.0,deployed_reference
P0,objective,p,0,157,-2,0,2,157,19,22,116,46.34146341463415,0.0,0.12836970474967907,0.0,0.0,0.535262470311149,0.755228657504631,154,152,17,19,116,0.8679394004284404,0.867689,4.951089503184713,10.265711,17.75631852866242,42.09780494736842,1,1.0,1.0,rejected_due_to_feasibility_loss
P05,objective,p,0.5,159,0,0,0,159,31,8,120,79.48717948717949,0.0,-0.6406805441618814,0.0,0.0,-1.491123815041258,0.0002940768754342571,155,153,27,6,120,0.0003240634687244892,0.783609,5.06146027044025,9.422126,16.69261757861635,34.8307774516129,1,0.007645998761290684,0.00842565018683672,quality_candidate_requires_confirmation
LAM0,objective,lambda,0,158,-1,0,1,158,24,18,116,57.14285714285714,0.0,-0.16550939292614095,0.0,0.0,-0.6939178379366261,0.44079906734259566,154,152,20,16,116,0.617719317029696,0.7769845,4.73750638607595,9.478500499999999,17.256985746835447,37.969526625,1,1.0,1.0,rejected_due_to_feasibility_loss
LAM05,objective,lambda,0.5,158,-1,0,1,158,21,16,121,56.75675675675676,0.0,-0.0959675729014008,0.0,0.0,-0.6719712860992622,0.5113757815852296,154,152,17,15,120,0.860050065908581,0.8461179999999999,4.710405145569619,9.1595255,15.841204398734176,37.46319471428572,1,1.0,1.0,rejected_due_to_feasibility_loss
K500,objective,kappa,500,158,-1,0,1,158,20,13,125,60.60606060606061,0.0,-0.6406805441618814,0.0,0.0,95237.79910758937,0.296206368599087,155,153,17,12,124,0.45825831964612007,1.223612,5.350229107594936,9.586870000000001,16.79636158227848,37.02084275,1,1.0,1.0,rejected_due_to_feasibility_loss
K1000,objective,kappa,1000,159,0,0,0,159,22,14,123,61.111111111111114,0.0,-0.23242047497298163,0.0,0.0,174145.8917584392,0.2429849540349096,155,153,19,11,123,0.20048842206597328,0.822057,5.001104056603774,9.215202,16.39862351572327,33.30421745454545,1,1.0,1.0,coverage_preserved_no_detectable_quality_change
K5000,objective,kappa,5000,158,-1,0,1,158,17,15,126,53.125,0.0,-0.017415873361845437,0.0,0.0,95237.73137441077,0.860050065908581,154,153,13,15,125,0.8505540192127228,0.820137,4.893488487341773,8.936530000000001,15.88154533544304,32.371567000000006,1,1.0,1.0,rejected_due_to_feasibility_loss
BETA_N1,structure,beta,-1,158,-1,0,1,158,12,16,130,42.857142857142854,0.0,0.04820759650886896,0.0,0.0,95237.94392508194,0.5715881884098053,154,153,10,15,128,0.42435622215270996,0.8384645,5.370690759493671,10.3176715,17.000001645569622,43.33613700000001,1,1.0,1.0,rejected_due_to_feasibility_loss
BETA_N025,structure,beta,-0.25,157,-2,0,2,157,17,16,124,51.515151515151516,0.0,-0.09207864796172249,0.0,0.0,14.151161342394996,1.0,155,153,16,13,124,0.711071103811264,0.961174,5.460693636942675,9.030501,16.619854573248407,38.65750211764706,1,1.0,1.0,rejected_due_to_feasibility_loss
BETA0,structure,beta,0,157,-2,0,2,157,17,17,123,50.0,0.0,-0.026333479511848574,0.0,0.0,95846.01560702869,1.0,154,152,14,15,123,1.0,0.820477,4.550604401273884,8.533182,16.073412503184713,31.732998705882352,1,1.0,1.0,rejected_due_to_feasibility_loss
GAMMA0,structure,gamma,0,158,-1,0,1,158,44,12,102,78.57142857142857,0.0,-3.3525148383243106,0.0,0.0,8.930772618307072,2.0876568218419767e-05,155,152,40,10,102,2.3861331676755526e-05,1.1291795,5.7247535,8.938859,17.058421189873417,33.82706906818182,1,0.0005845439101157535,0.0006681172869491547,rejected_due_to_feasibility_loss
GAMMA05,structure,gamma,0.5,156,-3,0,3,156,28,8,120,77.77777777777779,0.0,-2.731156894510294,0.0,0.0,-2.0709345234452443,0.0011932429624721408,154,152,25,8,119,0.004551384132355452,0.8103555,4.6915720769230775,9.610267,16.28783301923077,33.709772428571426,1,0.02983107406180352,0.11378460330888629,rejected_due_to_feasibility_loss
GAMMA1,structure,gamma,1,158,-1,0,1,158,17,17,124,50.0,0.0,-0.07373087745669357,0.0,0.0,0.7019679333789344,1.0,155,153,16,13,124,0.711071103811264,1.3732929999999999,5.345901341772152,10.232246499999999,17.085492215189873,30.84843194117647,1,1.0,1.0,rejected_due_to_feasibility_loss
GAMMA15,structure,gamma,1.5,157,-2,0,2,157,14,29,114,32.55813953488372,0.0,2.5198860887817642,0.0,0.0,176384.4669122405,0.03153949735315109,154,152,13,26,113,0.05325191409792751,1.524065,6.983847229299363,10.793017,18.094298675159237,35.37716364285714,1,0.7254084391224751,1.0,rejected_due_to_feasibility_loss
L4,schedule,L_P,4,157,-2,0,2,157,13,8,136,61.904761904761905,0.0,-1.6642304182488414,0.0,0.0,-1.7179623713285255,0.38331031799316406,155,153,12,6,135,0.237884521484375,0.852561,5.51508225477707,8.415672,15.728303949044586,16.422420769230765,1,1.0,1.0,rejected_due_to_feasibility_loss
L6,schedule,L_P,6,158,-1,0,1,158,10,8,140,55.55555555555556,0.0,-0.07151383983101164,0.0,0.0,-0.3371655358232541,0.8145294189453125,156,153,7,6,140,1.0,0.8251109999999999,4.7550310379746845,9.2037965,16.161892056962028,33.485396300000005,1,1.0,1.0,rejected_due_to_feasibility_loss
L10,schedule,L_P,10,157,-2,0,2,157,8,9,140,47.05882352941176,0.0,0.011256116213978238,0.0,0.0,0.9566364015370545,1.0,154,152,5,8,139,0.5810546875,0.787665,4.674694477707007,10.116202,17.088206382165605,36.137648625,1,1.0,1.0,rejected_due_to_feasibility_loss
L12,schedule,L_P,12,157,-2,0,2,157,7,11,139,38.88888888888889,0.0,4.881860412562594,0.0,0.0,95861.25950779475,0.480682373046875,155,153,5,10,138,0.3017578125,0.847261,4.568679165605096,9.440991,16.901481878980892,32.437427142857146,1,1.0,1.0,rejected_due_to_feasibility_loss
HL500,schedule,H_L,500,158,-1,0,1,158,12,4,142,75.0,0.0,-0.8860398624975209,0.0,0.0,95237.44017466927,0.076812744140625,155,153,10,3,140,0.09228515625,1.0457174999999999,4.814420139240506,8.748367,16.74700632278481,37.057217916666666,1,1.0,1.0,rejected_due_to_feasibility_loss
HL2000,schedule,H_L,2000,158,-1,0,1,158,12,5,141,70.58823529411765,0.0,-0.8709750395897745,0.0,0.0,-0.40527237419116696,0.143463134765625,154,153,9,5,139,0.4239501953125,0.8767199999999999,5.196847373417722,8.736643,17.19897805063291,37.99387225,1,1.0,1.0,rejected_due_to_feasibility_loss
RL00005,schedule,r_L,0.0005,157,-2,0,2,157,10,4,143,71.42857142857143,0.0,-0.8860398624975209,0.0,0.0,-0.8902598072891833,0.1795654296875,155,153,9,2,142,0.0654296875,1.051988,4.86958,8.969744,16.82973029299363,37.283738799999995,1,1.0,1.0,rejected_due_to_feasibility_loss
RL0005,schedule,r_L,0.005,159,0,0,0,159,12,16,131,42.857142857142854,0.0,0.07605528655444561,0.0,0.0,9.33598426515433,0.5715881884098053,155,154,11,14,129,0.6900379657745361,0.87257,5.646025251572327,8.887452,16.425456886792453,30.948054083333336,1,1.0,1.0,coverage_preserved_no_detectable_quality_change
TH1,schedule,tau_H,1,159,0,0,0,159,9,12,138,42.857142857142854,0.0,0.0319089288098845,0.0,0.0,94648.52700888812,0.6636238098144531,156,154,8,10,136,0.8145294189453125,0.805246,4.685995874213837,8.67401,16.84443566666667,34.677995111111116,1,1.0,1.0,coverage_preserved_no_detectable_quality_change
TH5,schedule,tau_H,5,156,-3,0,3,156,6,8,142,42.857142857142854,0.0,0.04865220072487832,0.0,0.0,81035.61613734854,0.79052734375,152,151,5,6,140,1.0,0.779547,4.645247608974359,9.052033000000002,16.428246,36.80000783333333,1,1.0,1.0,rejected_due_to_feasibility_loss
TP0,schedule,tau_P,0,159,0,0,0,159,8,39,112,17.02127659574468,0.0,17.159763313609467,0.0,0.0,94667.8720939489,5.539621596994948e-06,156,154,5,38,111,2.4995097192004323e-07,0.773779,4.308638408805032,12.182016,20.086693792452827,51.31828625,1,0.0001606490263128535,7.248578185681254e-06,quality_regression
TP5,schedule,tau_P,5,158,-1,0,1,158,9,23,126,28.125,0.0,4.40147529933312,0.0,0.0,95239.84056089635,0.020061607006937265,153,153,7,22,124,0.008130058646202087,0.787505,4.878888151898734,5.766170499999999,16.66534244936709,50.21803744444444,1,0.48147856816649437,0.1951214075088501,rejected_due_to_feasibility_loss
TP20,schedule,tau_P,20,159,0,0,0,159,23,3,133,88.46153846153845,0.0,-2.3277617676840676,0.0,0.0,94637.94296066469,8.797645568847656e-05,156,153,19,2,132,0.00022125244140625,0.816345,5.033514867924528,10.248994,17.258172679245284,30.632241478260877,1,0.002375364303588867,0.00597381591796875,quality_candidate_requires_confirmation
TQ20,schedule,tau_Q,20,159,0,0,0,159,13,4,142,76.47058823529412,0.0,-0.8709750395897745,0.0,0.0,94638.5277638562,0.049041748046875,155,153,9,3,141,0.14599609375,0.94746,4.972533716981133,8.848628,16.715977610062893,40.782873153846154,1,1.0,1.0,coverage_preserved_no_detectable_quality_change
TQ40,schedule,tau_Q,40,159,0,0,0,159,9,4,146,69.23076923076923,0.0,-0.8709750395897745,0.0,0.0,79507.2563502206,0.266845703125,155,153,7,2,144,0.1796875,0.868794,5.14087044654088,9.872183,16.779539283018867,37.040544777777775,1,1.0,1.0,coverage_preserved_no_detectable_quality_change
